step,true_id,zx,zy
0,1,-69.23593371326848,-11.986622345656123
0,2,78.764627768242136,-0.74185591598277378
1,1,-88.519571487990603,30.267793915850906
1,2,83.783784142375836,13.944232405599665
2,1,-86.857731160567596,1.3068067080879051
2,2,64.401203676535175,17.635045768152366
3,1,-80.465229695696181,14.83902362690829
3,2,76.549516567614731,-19.623143790007642
4,1,-72.762132179337669,-3.1315140882424988
4,2,98.810688236533977,26.075774220614445
5,1,-92.403020018622385,1.1714825688344439
5,2,63.057359489050796,-24.38166142211108
6,1,-79.889795169114592,-16.374826267802913
6,2,70.325885926182124,7.6774772350559726
7,1,-94.266310245896477,-23.40533091237543
7,2,87.111617558791536,16.971400951404306
8,1,-61.700457059484663,-9.1005633376709021
8,2,73.46351267009247,-6.3799800142439285
9,1,-60.870430800100038,12.798008191660555
9,2,65.418014936270225,8.9283005322337345
10,1,-103.80481743634965,9.7894451526455804
10,2,67.33539176557872,-3.3313469449549489
11,1,-72.073226795998906,-3.8597583922089038
11,2,75.767302739828253,3.162942167016916
12,1,-68.595164715548265,-4.5914960643298643
12,2,67.711010802587779,-24.473893818752035
13,1,-74.593880947128909,10.246423717785788
13,2,84.392373079328081,-4.766811042915533
14,1,-58.403889489515308,21.152020605903179
14,2,66.649382954338989,-25.235602202628666
15,1,-76.654849223944538,13.210502790629546
15,2,54.71830076030583,-2.4843105516795405
16,1,-66.17556568006934,17.718615122750158
16,2,72.568031036132112,6.0056488269013757
17,1,-77.69761622917143,-14.689810004205942
17,2,55.02105078773026,-9.4065230974546257
18,1,-74.406809943581564,-2.1077029355958556
18,2,45.542879558740282,4.177927304849903
19,1,-65.982190974404361,-5.4558262234470618
19,2,62.713019413154143,3.9637569540825131
20,1,-65.843196715946021,2.5753317617053644
20,2,64.997797953938075,-3.545170916817967
21,1,-63.80568422797468,29.699405786964093
21,2,111.73044146140495,21.893480372932054
22,1,-63.710547547647217,1.0114004136943946
22,2,89.597281192175345,-6.4542695338771194
23,1,-66.535170833380505,-1.8884178842549206
23,2,77.680468190572,15.95370827825583
24,1,-57.806438292428751,10.832373544841211
24,2,71.086480541811056,7.2589788176807275
25,1,-55.229652560408454,20.160544014712375
25,2,68.796517835920142,-14.614706891036947
26,1,-92.567544348582032,-2.7117094052380475
26,2,96.394888539042796,17.377247228616664
27,1,-71.64962967949657,21.719909630902063
27,2,102.70862457307861,1.9479145335474926
28,1,-78.606689084623596,-0.18997111574809356
28,2,80.454649905086285,-13.490878722702593
29,1,-82.829382663169767,4.0683291942572728
29,2,63.429279398005001,18.583721722507207
30,1,-63.896436363779941,20.686774549573471
30,2,86.328976722817913,-15.122403644398343
31,1,-73.511967095546254,-3.6498870182018046
31,2,68.898827576212824,3.8599375059795875
32,1,-71.26327848014131,-22.782616072520806
32,2,81.692598365045583,21.360145667641699
33,1,-76.54459030035126,-1.8161468779121233
33,2,52.40269716624725,6.1008194621011089
34,1,-71.534945034096324,14.355703816038929
34,2,68.862394245697018,-22.958250606945505
35,1,-77.550730142004525,-4.1637417625747322
35,2,61.745243258201583,-2.4968071434870893
36,1,-83.129350069253576,4.7704793015824771
36,2,78.644384344390147,19.218387284589639
37,1,-83.930424377823073,1.5585868558523186
37,2,49.174719264856563,5.9009338359518022
38,1,-65.115916818107195,24.096900914786723
38,2,69.778115759763011,-0.78633693297066287
39,1,-74.501395399869068,-23.138167824354465
39,2,58.784858597928249,-46.027064794564424
40,1,-62.806127569624252,8.2825864497834321
40,2,79.344874396975271,-15.495195610841323
41,1,-63.466160801888641,21.750633760235132
41,2,51.789910947126344,-26.189439995956281
42,1,-44.160464379557162,-10.948192263892439
42,2,70.101782744638129,-6.5044813523975735
43,1,-59.607266414384931,8.7236840450922077
43,2,67.832901387198461,30.696483282205438
44,1,-95.400760708646914,5.0172274815491518
44,2,62.343937538845786,-6.0476957026240195
45,1,-84.065236888648585,-7.5932140479286527
45,2,70.33298417089523,19.475187652902768
46,1,-70.809140817162103,20.733540336088485
46,2,43.811487257878255,-32.406427483486027
47,1,-64.222340637075789,-5.392171601180392
47,2,71.054742572496423,24.066213438335847
48,1,-76.210337373550331,-25.06554222565692
48,2,49.788781690755194,0.87247658302718445
49,1,-62.203722104080796,2.5531286108324474
49,2,55.205626471902917,6.9245838686629755
50,1,-73.774316529193641,-4.7274352828378712
50,2,73.1387380544287,5.0405142975924333
51,1,-59.760913912497472,-6.3665692614633125
51,2,51.493051028750507,-5.9539067090715827
52,1,-63.683509187273735,-18.069702316669488
52,2,76.138745939686643,9.8579397281068459
53,1,-77.007895531502655,25.719245002455438
53,2,78.95742276249608,17.665545989526745
54,1,-50.014471035141966,6.5332569449788087
54,2,63.986993036243121,-16.294531280484723
55,1,-62.830179365973493,-1.2824365692280606
55,2,57.7941136655365,-7.3225634244677709
56,1,-69.113997862405569,-1.6949627344025402
56,2,70.950958320503574,-0.43370443897072253
57,1,-56.808589960066413,8.0751882833285329
57,2,61.350079980379803,18.814305131527842
58,1,-85.092603651395123,-15.228821542633177
58,2,33.659883077955641,1.1615852028948626
59,1,-46.360606957251264,4.3139079537445681
59,2,54.493090037097467,16.720049665092851
60,1,-70.568766758985902,-7.2364413888757966
60,2,47.83219808075745,14.046726163276086
61,1,-88.864777352517663,-45.577427876845206
61,2,58.500728993291183,-20.357872661546132
62,1,-87.283905797273178,3.5525016828400093
62,2,61.932926567814022,-20.223184655110071
63,1,-37.709015755125549,6.4360773070989179
63,2,55.365202940233601,1.1586667911212212
64,1,-55.650916303316045,15.785754745559577
64,2,60.034789999023999,8.4420571059939764
65,1,-50.563725046886987,19.398183343899746
65,2,86.986963898697212,-7.4400430724148228
66,1,-27.454933046337629,16.949480848757453
66,2,59.543012410377393,1.4384839435855168
67,1,-38.936740331778537,24.228381930593756
67,2,41.830543554088848,18.005924880942409
68,1,-58.885798401222331,-18.590036763404836
68,2,55.961404645139993,25.270966294328804
69,1,-60.856496539483913,-12.301263193165784
69,2,76.787395070448412,-1.3428948793817221
70,1,-61.441638898342553,-0.73211101796655753
70,2,80.80390696857782,-18.738669059528622
71,1,-23.736815728420012,4.7037258407923455
71,2,65.313805587625552,28.496660359457639
72,1,-56.252919771807989,1.2644576291008303
72,2,70.623341730927834,-1.4644343758947245
73,1,-60.874834094165372,16.172301061852909
73,2,61.05844255065724,-4.4768176049004405
74,1,-56.995383488861954,1.2072414746180478
74,2,57.88526972827627,-12.980831449338837
75,1,-65.165152939413829,-0.72130144131588492
75,2,67.102936366022178,2.0685281042427861
76,1,-76.008673033871787,13.009323755381503
76,2,40.886895209507649,2.6833461232057889
77,1,-73.526192846251178,-4.4224006768967543
77,2,44.949957584339167,14.812777148583123
78,1,-34.811519491123519,19.335816501643606
78,2,47.945793072455174,13.883421307576027
79,1,-81.231360387650156,12.402636508270206
79,2,67.332630660889407,10.665951647046883
80,1,-47.190284146793942,-25.89155743017702
80,2,54.570983367670863,13.095842196767093
81,1,-42.427512973306079,-22.972257260470261
81,2,44.146777422716312,-8.3301098235564659
82,1,-40.197961680817883,-11.05991832051145
82,2,64.379011348349835,9.7809316786930776
83,1,-71.065137120733141,13.36839568309316
83,2,83.418833829351968,25.718805963128638
84,1,-39.392423264148789,-0.24981730995131923
84,2,62.90218776328021,-6.1546203635758667
85,1,-43.943646549669687,-2.566166155655428
85,2,64.791371157010943,-8.2045713891035721
86,1,-45.605153404273729,-17.670236790554696
86,2,59.599211073133525,-15.308631491791738
87,1,-47.533332544508418,14.268588420203967
87,2,67.506237990701862,5.5807587885455341
88,1,-26.508855227134212,-10.524583688147683
88,2,48.935372502280309,5.2664738512990068
89,1,-52.64922302907496,10.377233508560728
89,2,45.732844933273306,-42.825051273272891
90,1,-26.082787372103986,-24.422595649069706
90,2,59.907007918829144,10.463714727013681
91,1,-62.699205751743136,1.3279323853342822
91,2,46.061427139159328,-7.1133924093889886
92,1,-63.703113767453353,-6.376595397483749
92,2,45.237523243655119,2.1101270961811083
93,1,-53.787987420299302,2.9558989653627661
93,2,39.024036611925531,21.1659126671961
94,1,-72.448582556542846,-11.024614379871094
94,2,55.396942417906004,8.9761441872517196
95,1,-56.527691892398359,-3.2572558819692587
95,2,61.888885739135176,12.445613681994008
96,1,-62.45843355806312,-7.6032283967111338
96,2,26.832530186634838,5.3594712110554319
97,1,-31.753564175680978,-9.644399247104575
97,2,44.550246280224087,-1.3651464412563932
98,1,-52.677545094300569,-4.2096034746155988
98,2,46.025853715452953,-21.5984331864951
99,1,-50.189516991263424,18.381220871243407
99,2,59.115483353090696,19.261845324440557
100,1,-56.541704314815895,21.840641973464965
100,2,30.392605513307032,12.70444777558415
101,1,-42.412266006632478,9.2773418739570008
101,2,54.518763491914932,1.6325884299658164
102,1,-47.79258885407755,7.2146373526445586
102,2,63.244823209113221,5.1553571806082408
103,1,-53.40426925264677,17.87286879130053
103,2,48.595133256506564,1.9313303031212867
104,1,-48.289064718056196,13.505986089077354
104,2,68.950447816695174,-6.4597876974257664
105,1,-51.605589595992306,21.513137885591888
105,2,52.04479601622181,6.9982780062629795
106,1,-24.528407649634097,23.418801431816835
106,2,37.659052809440851,-31.333708195725809
107,1,-55.01416033869576,-11.694168795601145
107,2,24.023717155405496,8.9537896965524268
108,1,-25.302858757906122,-7.566071748549196
108,2,29.610311419470897,4.5838767054048617
109,1,-28.27008657141138,-10.88809464368404
109,2,26.297114342300322,33.460077714896862
110,1,-6.5834680703561617,1.6948325977527745
110,2,54.769162433043903,-8.3203507836985757
111,1,-43.787078894535043,-11.468745397261662
111,2,41.932234408722579,-10.867400104748514
112,1,-54.931960133967735,-1.0573793050874234
112,2,55.412996615771064,17.886600850185566
113,1,-60.42201217227506,-0.57663732287508362
113,2,54.808846379782125,2.0271500655149808
114,1,-49.339606310147225,5.9183082048550748
114,2,49.18700766511963,-19.33824313966813
115,1,-44.840358947187987,14.972976856602239
115,2,50.406366641443441,1.183243798477239
116,1,-63.909297909272617,-4.5280155519947813
116,2,48.046370931952012,-1.038163577736168
117,1,-26.795535257471027,4.3247059158570593
117,2,25.274351661101392,-14.110999200834115
118,1,-76.955381550902459,16.521356067414256
118,2,41.985600747946442,4.3986622366519388
119,1,-67.717346124377642,-16.051211956485126
119,2,62.585589330732063,13.16794408268515
120,1,-34.887897528677598,25.611939444162957
120,2,54.943458094245265,-15.593723347583746
121,1,-47.111148363360094,15.83379821463998
121,2,50.754243077970116,-0.78095969404938437
122,1,-41.439998249484482,6.0271499084824596
122,2,40.944936444713903,-0.24209128642460775
123,1,-55.091338163833598,-5.5439695797021118
123,2,60.156491281261111,7.999166498838906
124,1,-34.470504905992044,-5.0483493862606705
124,2,28.443857199885343,8.9590602137573292
125,1,-25.629087229631494,-5.3827672878575292
125,2,60.172944569189426,1.6707003683129351
126,1,-53.587748049684926,-0.19745814758564212
126,2,43.02172700794312,11.161564477938938
127,1,-64.151641793283318,-13.645379910817459
127,2,39.996882808713146,-1.6548913550046982
128,1,-50.806338079604501,-8.8344311258034534
128,2,38.209040244135728,-7.6471254747483401
129,1,-60.388812009578672,-11.622681232840732
129,2,58.047373072006522,-13.869695642453321
130,1,-28.137685076974456,-16.508106139806799
130,2,11.351935509455561,7.0068827159528775
131,1,-31.625209888616979,-30.498907784544468
131,2,29.063528431622032,16.767926990644852
132,1,-6.2803058096442541,-1.2540464391700494
132,2,46.998360722674569,-13.724862698165923
133,1,-60.343084249523429,8.1204083186445146
133,2,28.240212453629837,-10.388181575261271
134,1,-25.152958567973833,-24.633143714906282
134,2,39.243043165222446,23.529316137393202
135,1,-33.941589989045617,-21.593061510074982
135,2,47.38239949626378,7.4903798880128765
136,1,-42.692774511789999,17.758282985297878
136,2,24.735948783061843,-30.732750726919761
137,1,-35.238887820360766,18.138160748928915
137,2,19.089371907650037,-41.357107252180491
138,1,-19.052803956901972,-52.858559198526955
138,2,30.913348721125161,-0.81162452850178324
139,1,-13.654373667239163,-0.46802534573606935
139,2,32.628738369451355,-28.350131503674682
140,1,-44.385722540806128,41.764825606854366
140,2,42.251069922331098,-0.73695866743424554
141,1,-48.135037557503793,26.092630178564498
141,2,23.033443329227111,-1.2962223157441572
142,1,-55.381580998950014,22.602803757923802
142,2,42.502645457609937,-19.697203786781287
143,1,-42.363830422751853,33.367541982385987
143,2,20.566560723118304,-1.0635243681597832
144,1,-23.046399047033752,9.0979463428085605
144,2,25.125507532975377,13.772525625085738
145,1,-63.632800949609241,-8.0174404356304496
145,2,38.316959286103128,-7.0089208515602834
146,1,-60.610876502871633,-2.2753960986812651
146,2,18.940277611991334,19.454480681515498
147,1,-43.415837355035819,7.3678908182004532
147,2,21.327908547107008,10.937144291853741
148,1,-23.208919320480682,-1.7653362994693749
148,2,60.629383858464124,-8.1290034081699041
149,1,-15.743216594267945,37.178403021298699
149,2,43.076191857271972,1.9670752150455804
150,1,-21.843489699917875,-15.057544973568959
150,2,48.13115168882895,2.3167824137950643
151,1,-27.182509753166421,-21.278628517496013
151,2,7.0809455917924318,-14.083261095541891
152,1,-6.1990444059298575,3.8930466279725371
152,2,27.455006244236593,-8.6376840132998236
153,1,-54.069049321320293,7.2692246725840022
153,2,34.924879801853749,-0.64271442916278598
154,1,-43.800447556687338,7.6539617270048428
154,2,31.035651785410522,9.4172702938546422
155,1,-32.708658916228465,8.2704249979624684
155,2,34.168078371312752,-13.437843259694793
156,1,5.7429208277672146,-10.058254485674066
156,2,43.494874956621807,-17.32116592054405
157,1,-37.068382497311461,15.975041383594537
157,2,27.388003366468869,-10.560492003238961
158,1,-11.441689321088539,-19.963175504126319
158,2,51.900868404825061,-8.5603896471740075
159,1,-43.66678024809967,-19.095085342276363
159,2,15.07240299281569,-16.116743810914961
160,1,-36.759704675351941,8.5529308999398044
160,2,45.110578430211355,-11.125048093647441
161,1,-31.382364014192195,-6.9931197675814909
161,2,34.106591194038813,-20.44073922735145
162,1,-5.2244840688634433,27.950412514882938
162,2,28.100177457736255,5.718257653651726
163,1,-38.527818587313575,-1.4546792450238715
163,2,17.779107689206032,-2.5702645548834404
164,1,-18.096194877256785,15.485624077610495
164,2,6.846394627278535,4.5366530109279051
165,1,-48.340088434226672,-7.0858995633546602
165,2,49.805706000125497,-17.430771337990883
166,1,-47.658847125239653,-16.18458827357162
166,2,25.255843948349725,14.360508056208367
167,1,-5.551773438973882,-2.9255766371716598
167,2,38.212431779339028,-9.2666438634852035
168,1,-31.480229263958837,5.0038953528266115
168,2,27.376416513152666,10.219083150940264
169,1,-34.181990036334241,-11.428196007522306
169,2,50.474513420376226,-2.9982589326810261
170,1,-22.19411387132898,-12.615967588624105
170,2,12.436662488207119,-4.9394842388654068
171,1,-20.553405918617671,-5.5747012452593987
171,2,32.243131724062984,-13.475452488907559
172,1,-3.1082790048294591,33.768563564939775
172,2,52.352090655539321,-4.9374725344857398
173,1,-9.9500219349034751,19.281708225355022
173,2,14.426611903699042,9.2171195039729774
174,1,-18.278258338711701,21.589628548834401
174,2,27.702616134522959,-17.459392972999609
175,1,-12.637945933734052,0.80971313617021612
175,2,43.863402100358037,-0.88749341809331506
176,1,-0.11659486418801634,0.27251828830779223
176,2,37.099347191497692,3.7029055924493872
177,1,-40.448680780756426,-20.707053681594658
177,2,15.404791539417459,10.140941210435576
178,1,-16.94121547032282,-12.697569123231734
178,2,26.417707288154897,12.509453637396028
179,1,-19.716235618774377,26.694301709220792
179,2,-12.167074206036503,14.834928780980018
180,1,-44.248779804941165,16.729971150328808
180,2,49.005343448996598,-37.012825663503968
181,1,-12.368038366409346,16.596693163918474
181,2,-3.3404753523110102,6.7039696426531377
182,1,-12.006357114535328,-15.680706296649221
182,2,34.083703981241683,-5.5053847526119233
183,1,-53.837170939842864,1.1880132184563699
183,2,34.8737840217008,23.345301711581062
184,1,-27.014389497989118,-0.43942242126119546
184,2,62.903188649618244,-3.2368162743714985
185,1,-32.590827785585248,3.698485915348674
185,2,34.625301132747694,4.4216597059073761
186,1,-45.735900358267436,-1.5929770143275317
186,2,15.341270171441121,-25.995950664109742
187,1,-34.697906154004691,7.3779796644794109
187,2,27.180692947986696,6.8489890925841062
188,1,-28.08595441353442,18.269203930114745
188,2,35.935287460222469,3.874803341343835
189,1,-23.930330219980274,31.163337582822841
189,2,-7.8262991411679863,25.633521346640169
190,1,-10.048472638803892,-4.484519172424605
190,2,21.077015825174019,-23.04836009947298
191,1,-12.307828642948575,-13.85821404228501
191,2,38.291047898776704,-13.182957750482871
192,1,-18.070818413653466,-0.062950227179231155
192,2,23.369233013000219,22.100435496152169
193,1,-6.1633842294449721,0.4599224298017317
193,2,17.534421541772474,-28.042524698954004
194,1,-18.179093886072813,0.42718175912553646
194,2,15.018973429744008,7.4654582673678433
195,1,-6.2871440260745235,7.5520110682130674
195,2,10.572785025556112,2.6751681642022493
196,1,-25.068169014822512,4.9180113425054355
196,2,7.6309119489163422,9.1264245411699143
197,1,-43.447898908433913,13.119514317508211
197,2,10.588584508950989,-3.8651412440511623
198,1,-48.474022624923784,-11.085942561963201
198,2,17.579613936070068,-16.093054823334992
199,1,-35.687385287572326,13.706377549175908
199,2,10.954624025450558,0.79664735552526278
200,1,-20.990250484024507,-18.237500691830967
200,2,20.607626045529951,-5.1023485813347937
201,1,-30.071156056544815,-5.4398965752721464
201,2,33.993930027109755,-16.273577745504685
202,1,-10.729475405616464,-8.3712424392012927
202,2,3.5636594488350966,-11.986172991733405
203,1,-36.568475216013496,5.2510445697972576
203,2,21.394711134495523,14.156177867720912
204,1,-33.397303234065305,-28.153161829954648
204,2,20.126198519382964,13.143142978643395
205,1,-3.3905672011686239,14.937628198812103
205,2,11.419587940637719,-17.916305089150484
206,1,-13.483826599606767,-6.566409734896423
206,2,41.579100082487777,5.3029935839204754
207,1,-9.5044435346915783,-18.815513331907184
207,2,34.069080035364479,8.562327796461787
208,1,15.407076696169415,7.861298717398614
208,2,-15.361098565493965,-32.094215512191504
209,1,-13.97690320414376,16.949483308605611
209,2,7.0786925042681652,-25.294339414626037
210,1,-3.626363899451345,-3.8347276489248392
210,2,25.408037182933626,-13.660682463392604
211,1,-14.030531687120916,0.026207150294849522
211,2,14.567761467928193,-30.57622174298379
212,1,-18.319546116581499,4.9139746751244866
212,2,36.821077363592238,2.4130109211628787
213,1,1.6532889987151194,8.3926196646257818
213,2,19.299115376031843,-45.078112396423442
214,1,-37.640767838937094,-2.8315224353339685
214,2,28.390378234680576,50.323214254703181
215,1,-11.360183209393671,-6.1995242840506686
215,2,28.170232089430876,-20.739218400182512
216,1,-20.877782368651477,20.857556827379252
216,2,-8.628391050848311,8.0448287294711083
217,1,-7.8928458343687469,21.142078585535561
217,2,22.549955562670071,-17.452851620677869
218,1,-18.237168975216267,-6.1301632619909592
218,2,18.673552975655927,8.3183268111951882
219,1,2.8662029535916425,16.999058767814876
219,2,-1.4693577580728761,-21.180914756520348
220,1,4.2043654732380098,-8.1132040735160089
220,2,16.19649109213583,-18.115838578604716
221,1,-6.3673191719761455,-22.806399017450939
221,2,15.560364878568677,-6.3624849729349409
222,1,-49.963723220106075,-3.5021537739802162
222,2,4.707264253023471,-9.2923194368706028
223,1,8.6618374936248834,-9.9766124478867866
223,2,20.1840646673466,15.057802686696334
224,1,-21.021361228131042,14.625007230066604
224,2,19.039276971747892,-4.2635973869746708
225,1,3.2228465945225899,11.407528992935349
225,2,13.15355428314933,-13.727100073797274
226,1,-8.0983282261010654,8.5360119475122787
226,2,22.166282118498831,-0.52572074109473599
227,1,-4.5948060988585278,-40.162704055005747
227,2,-7.668760491700958,14.547067471042299
228,1,9.6332411118627199,30.50101504749049
228,2,28.334078751969514,-17.81117937264581
229,1,-18.144036813927276,1.3893010907931114
229,2,46.950095942222312,-9.4458982180994759
230,1,-13.939817781381866,3.7786239963010289
230,2,0.80212178388563693,-1.9005736155643325
231,1,5.6298942197238269,-1.0772803705044947
231,2,-3.4990258569422714,21.214886165493628
232,1,-29.173918675377269,-16.096252508390947
232,2,3.9966947349348771,30.190981177965043
233,1,-16.820478580795275,36.351522126032052
233,2,-2.458530554222472,-8.4747985393231691
234,1,-31.680547867289572,-19.095425563377304
234,2,-6.0077254144787045,5.3923966817775844
235,1,-27.341607794782522,15.520960395594317
235,2,11.522911418126117,-42.114876213548754
236,1,-29.116950257492395,4.9103525546618796
236,2,6.2808221491154406,-4.5320242694002033
237,1,-34.390969416757272,-0.21213275286415137
237,2,7.0378901536415324,-0.10832985586134797
238,1,-7.6157870705886133,0.90695847045850331
238,2,27.418661889074126,8.7210556637861441
239,1,16.135393765671608,-5.7781763332005918
239,2,-10.327364418872303,2.0890665433191877
240,1,4.9432883041744811,0.81550900607800914
240,2,20.162676197476053,7.442106218863338
241,1,-10.886022303853755,7.1371537696808121
241,2,-13.058482940816345,-22.775767716883241
242,1,-26.437953279906196,-14.623149355116807
242,2,13.85349496140611,22.207743574525971
243,1,-27.429389416998749,22.230693728980274
243,2,9.7503547928067427,5.4231395864733116
244,1,-4.078407338266147,27.341286800912055
244,2,19.343340729720719,-12.60196575991931
245,1,-14.923625056767017,-6.6649724975035456
245,2,46.459654713847293,-4.3805496388681284
246,1,-5.412505557575737,7.7344754701725167
246,2,13.365416635580097,-26.830673169359645
247,1,10.411654244005199,-13.23615038430836
247,2,27.331203508872932,-3.8149278858003894
248,1,-28.258611041798815,-33.03934111923099
248,2,-11.859420210388983,13.084493994937155
249,1,-5.1024388184974248,0.48787195776073111
249,2,16.884679729422281,-0.83342981763042912
250,1,-25.474186780271094,-7.4196362673585847
250,2,-12.123155001620628,-34.271626631703761
251,1,-16.961539473295105,-7.2750692692592018
251,2,-13.988720203147871,10.802505239012625
252,1,-21.27163686555669,5.007434133065912
252,2,-9.0160334614238522,-9.9799320235536122
253,1,-5.3637718161008774,26.152242829909984
253,2,25.334367771940059,4.2690068037994582
254,1,10.449532936932478,-10.923537170212088
254,2,0.54507695761712771,5.1180848446496734
255,1,-7.4056805996906627,-7.424764344429537
255,2,17.793995154190881,-6.7105838430047031
256,1,-23.442162219159812,9.2761430107379539
256,2,3.7870779659770157,1.8819659961367816
257,1,-6.5545420906425038,-15.589833648311988
257,2,8.6656514856588593,15.712309123022312
258,1,0.74549684849101805,1.4114848600859937
258,2,12.746815531519538,-17.868738793588808
259,1,5.9986666918316258,-4.1317796105663422
259,2,7.3447826762939075,3.1517220527009688
260,1,6.8075429720952672,-23.90044571946618
260,2,-13.790166947880024,-16.796116469613999
261,1,0.033810404194687171,6.5059923497083565
261,2,3.0133706550086998,0.11754914895941304
262,1,-4.5797269658862563,-7.47205381490833
262,2,1.7796493680253653,15.233606254546329
263,1,-4.371788878641186,8.2788039945362897
263,2,4.6228058861304397,21.998371936205057
264,1,-9.8648047752964771,-9.1063834022841732
264,2,4.0077389732400501,6.2289563470283031
265,1,24.987216406259392,16.85593070129044
265,2,9.6377639492202594,8.8388995746600703
266,1,19.508026569803793,-5.9604610479523688
266,2,6.8680973990832683,-2.827541637580349
267,1,-14.662458281310474,-5.0273571211412715
267,2,9.4635998597885447,23.186738143493308
268,1,-11.536852754453379,6.0408842887322889
268,2,5.5747336772583296,12.780626257761481
269,1,10.331929572244148,-5.0069942214828327
269,2,9.8728856831763956,2.3323414448806741
270,1,25.734085147957586,-7.3881038053051364
270,2,7.4875330222712737,7.818228691628736
271,1,-8.0044368424573236,9.1493470751401151
271,2,-0.034857663928753446,-8.5926968035716254
272,1,14.315567070371307,0.98791347032677068
272,2,11.145119086814356,-9.2049578460099397
273,1,-7.6717317901865094,-29.180577066329121
273,2,1.2500796630746747,-15.347846520397495
274,1,4.3860872542735674,-3.28873384005154
274,2,3.9887920961281305,-13.199386137983698
275,1,-15.85366603468718,-4.473250061508308
275,2,-18.115080094581028,38.526479817850039
276,1,-9.2925869881411245,-3.2111217803789867
276,2,-19.308760266354003,1.549405426944674
277,1,11.053920089498554,-4.2330710063647388
277,2,5.9844721745670739,5.3703502714551723
278,1,-1.0252221842194515,21.727041106220174
278,2,7.061430726107317,5.1143929040255127
279,1,-2.6513413040590628,9.0194635628500119
279,2,-25.712728554185109,-11.191295479229906
280,1,5.0268951585657113,-6.2725546818473239
280,2,-29.343210578458006,-4.4169837354827637
281,1,0.33973263995063707,12.746528654783825
281,2,-5.4417491687341943,2.997119990156051
282,1,1.5846453530851559,3.3753518613029385
282,2,-18.300336331796373,-2.3047488891106025
283,1,-12.084285748698175,-9.057728333614147
283,2,7.1396629326772523,17.282953937203416
284,1,36.906970175570407,-4.9433233812254196
284,2,13.764620733692702,-20.101012199135035
285,1,33.772155181971151,-8.8867080386271233
285,2,-3.9575150153188869,-8.8024620899627912
286,1,23.356977945547772,-12.635198221901915
286,2,34.069948973711718,22.438652162797986
287,1,13.614318691082655,-4.1657144376284903
287,2,-17.181599361471147,-0.24117664015571885
288,1,16.083438061390517,6.4248383196118715
288,2,-18.401162957070113,26.836673026713779
289,1,1.2474576311098708,-7.2181841843548407
289,2,4.3577809912547227,4.821261046562249
290,1,15.938486949353354,-9.7596643375128824
290,2,-11.071033999822049,6.0483898716984648
291,1,29.4990320225379,27.675876111201205
291,2,16.507307441412223,31.469974318562521
292,1,-4.5216051671251387,18.998606247277809
292,2,-5.815894411997073,16.877289388449846
293,1,5.9055898862035692,-4.629643034982724
293,2,-5.8460312322162356,0.74007544998024599
294,1,27.591721971625667,-2.1597268308164068
294,2,-37.741621080673852,-15.928706354457102
295,1,14.9486004361593,-25.004167670480836
295,2,-19.799527033991613,-1.7454903395676504
296,1,19.85849053054686,9.6733298679681976
296,2,-15.070457860532308,11.013344318001309
297,1,-4.4216871743602759,2.0361145885218361
297,2,19.285568903054468,-17.874939133862856
298,1,-0.61735885843135918,-1.4101652848547668
298,2,18.059729582027863,-21.430802414896487
299,1,20.612368817882739,5.0773657951212297
299,2,-15.562746994754932,18.880796942740197
300,1,52.137769646256835,-5.5064945912980816
300,2,-2.2072184806731254,-24.959036437082656
301,1,-3.9729208253098829,7.3881629697250908
301,2,-1.4840775300687525,13.433266259246809
302,1,16.908639792253116,-4.058370775988088
302,2,-33.56336250041948,-16.711119449765356
303,1,11.812354412755612,0.7221313074919542
303,2,-16.679693254749644,15.58364587160961
304,1,17.46988427370578,-28.091395989221596
304,2,-6.1941617187238069,-19.454269293491951
305,1,15.569183603009106,-8.2073572258898935
305,2,-41.861217780702262,-11.835312543390273
306,1,-0.69470845173739448,2.7347947005728002
306,2,-1.3147527527242193,-20.993785855046141
307,1,4.6396501488673536,-19.110084160338875
307,2,-8.4307644119435796,12.83062587104256
308,1,23.064946220232969,-35.225836339038246
308,2,-9.0764012905866132,29.809453362403705
309,1,2.789793948901611,-11.304166234461674
309,2,-8.8621256484773134,12.254998254166567
310,1,29.137967300248413,6.3680567085236612
310,2,0.64437110047172474,-10.687554020637599
311,1,6.1295153523269832,8.4892124292381972
311,2,-20.138628158927723,28.623470134911255
312,1,12.815381578433588,1.5125716387484986
312,2,-32.949841731880767,0.042873426484775705
313,1,-6.8277474208590245,2.4435775049010968
313,2,1.5779516671329699,2.0697615415941977
314,1,10.876590099546407,-18.417456460498308
314,2,-6.9483083099237177,9.0242290303101953
315,1,33.857547128983214,0.67499290292247294
315,2,-8.902935042331336,13.311777678044079
316,1,1.0080823376060977,-8.1906058892590217
316,2,9.750213305918658,-22.2763846869654
317,1,15.015631613147022,-8.2354440003695046
317,2,-15.045942892105888,23.865070066242549
318,1,5.869112853668387,19.947068939337257
318,2,-4.4679070502702327,12.745179539449374
319,1,21.878715730041236,6.6839562004479003
319,2,9.2063841743191883,25.070499799692101
320,1,33.671004859746986,-31.561204359511155
320,2,-23.615676119288139,-6.1102477663111925
321,1,2.0080787314668314,1.2716678967425932
321,2,-16.570375682478499,-19.663770786985339
322,1,41.784000437202202,-21.127015756688955
322,2,-11.929519971946394,-7.0526702280612215
323,1,13.287332016360763,18.165492278207264
323,2,8.3989208324790638,-2.6067218805200367
324,1,-11.929011615930726,11.13040085199326
324,2,-18.023894646010007,7.7017155725348427
325,1,-15.860195715521353,2.0153808381859215
325,2,-2.1033471029333697,2.3369487251931673
326,1,0.88069605874663992,-2.7605602983658128
326,2,-18.158043618618347,-7.3518428095747996
327,1,31.618169958740655,17.565571327308039
327,2,-43.489127755653442,-21.54754097721586
328,1,36.978655756392001,10.198892742744512
328,2,-31.229581721869643,15.215956652804364
329,1,0.024866057211976766,2.3922880517886966
329,2,-22.765427653402419,20.093587518545956
330,1,27.700103622016144,1.4364657434460739
330,2,-21.713853282269348,12.932417693849409
331,1,1.4607964515503902,-3.0931248417876791
331,2,-16.222490575686539,4.3880392112692643
332,1,39.842571475951033,3.1069785934600906
332,2,-21.631794054570683,-42.168908262279309
333,1,16.958705716468454,4.3632635662306765
333,2,-35.240900569840953,30.964197367410055
334,1,12.360075091480356,10.467590825868564
334,2,-13.243029261794529,-8.9504025456504337
335,1,34.993283041130837,-29.053623126886926
335,2,-30.451557357127797,18.377820688256506
336,1,16.129564620931234,-17.447899156235003
336,2,-35.948753255810203,-19.768492534605535
337,1,22.580433374026981,-3.8588582329233807
337,2,-13.897284879629519,14.130544665506958
338,1,30.632960422256787,24.598418713357905
338,2,-43.280075936155853,-22.620765547829571
339,1,32.883033524281473,9.1110409986663949
339,2,-53.988456646218822,-13.380870663181591
340,1,26.159916688711935,-8.9337092202538262
340,2,8.6526939884434135,-1.293399116582866
341,1,34.603769597003641,21.090742256127889
341,2,-28.173157249366831,-0.54068766235693211
342,1,41.537697100372668,0.013086218186605726
342,2,-21.719408964803137,6.9845116830512959
343,1,41.160435349002299,27.563290160754448
343,2,-18.866781550759811,-8.9574378562085162
344,1,31.561699951829006,-14.079468448541398
344,2,-46.038035509807791,-9.2931777373603683
345,1,28.090385315087129,1.5126692950839447
345,2,-13.480931805018505,-0.21431799635701193
346,1,33.69064594305533,2.8599726580890645
346,2,-19.93601953243909,-19.57796887823606
347,1,36.720427932681446,-5.8631069301170111
347,2,-28.654488880895649,-3.2228244502858074
348,1,12.76586828579682,15.112846515196427
348,2,-25.276839642027049,-11.138572099028998
349,1,49.323363480108462,-29.998008449063821
349,2,-27.884558817944512,-2.1926377177868011
350,1,51.156448131604648,-28.414729946368393
350,2,-33.51617021204364,16.254624059623222
351,1,17.864457778672246,-21.698679683901123
351,2,-33.805671190622462,-16.138750451877407
352,1,23.667199678086082,-12.656363144974183
352,2,-5.9812833898300788,14.822738560085561
353,1,26.661058110474059,-1.8986501065065604
353,2,-11.333867392260286,-0.58860802680449265
354,1,15.481080446601858,-10.249454861710495
354,2,-51.051508927014282,-1.635961027816621
355,1,50.63381125688845,-22.94247317325992
355,2,-1.9017795939773769,-14.084467112126557
356,1,47.207453832109159,11.713684375904796
356,2,-30.667746365125577,-0.74534315323719069
357,1,17.72611215870991,14.644917750108698
357,2,-38.159571687638973,14.645080692462711
358,1,56.090540689062173,18.838223251671693
358,2,-20.381919244856974,-16.408868812272949
359,1,29.382017438254437,-19.077584332559177
359,2,-36.083376928579256,1.9648938988273605
360,1,40.757773380433278,-31.061285654626516
360,2,-42.747696454042284,-1.7689757580353582
361,1,17.296812466153177,6.5486578359659378
361,2,-8.863460575081632,2.3332323795823116
362,1,49.293087704792399,17.807977481558183
362,2,-40.776797876557197,22.351251900607142
363,1,9.30925765135812,-15.931161256312597
363,2,-13.874727828496688,-22.248831336043551
364,1,49.340226438712904,-3.1781205023200214
364,2,-32.860750853981784,-23.315779619751961
365,1,25.338404143351781,16.255784221155892
365,2,-47.550095874633243,15.11504449839313
366,1,26.26568598459685,-20.894332712977818
366,2,-30.985241628888442,2.5335753897776234
367,1,38.241884417252336,16.454454942313586
367,2,-48.828947591476123,16.126459013282048
368,1,55.998392680384889,-0.93882607751683278
368,2,-8.0205137700586349,16.900413541193068
369,1,33.490824918256607,10.866107822524377
369,2,-36.661139709432483,-6.2988130904503299
370,1,26.519618167677947,-19.229842299465954
370,2,-16.495220857216371,5.6074811262957214
371,1,21.958788766009796,23.738246817521624
371,2,-48.636923058973437,-3.2906919730636184
372,1,26.206979044949723,7.8875804403755332
372,2,-37.823835735711391,-11.216353868694048
373,1,45.956211679491098,-10.886082070285587
373,2,-34.112040367198667,26.246168611165995
374,1,23.80503782312724,5.976582006501582
374,2,-22.946493566900184,-0.11007795886544756
375,1,61.223289897638097,7.5200043097324585
375,2,-33.374285213792824,1.619068503801588
376,1,27.755836206245522,3.8164710969429985
376,2,-30.41841346388669,-4.7615042193656283
377,1,35.291494759311362,8.5769870402392669
377,2,-21.288775516343279,12.855272760765187
378,1,33.551170238762673,4.5471586501123999
378,2,-59.718530538049748,-2.8505697700753032
379,1,55.60516458919966,-22.10808029222164
379,2,-52.284629871407375,3.4626593533900203
380,1,30.527001571995566,-0.45704915660686335
380,2,-41.451554277196813,3.6172416705124779
381,1,27.597449544986912,-11.315938310923283
381,2,-20.156056952171099,-31.205457614998544
382,1,20.846575436415911,-15.853483325453119
382,2,-23.123728326330507,14.349588424511129
383,1,37.821947247425484,21.203491032993501
383,2,-42.292863182742302,0.37290998768321709
384,1,48.80542728647066,8.4130307904668609
384,2,-42.455806534848939,17.853447402913485
385,1,52.60761105381647,-5.1317493736325153
385,2,-11.729933388845197,-4.0488575166652527
386,1,53.760717735609717,-10.998664524503234
386,2,-5.8575665763224229,-30.525920155188299
387,1,22.310492265203933,-14.376258072261347
387,2,6.0906719484481542,-11.464045564737589
388,1,35.299481249514017,20.026326002463499
388,2,-40.304928369073359,7.7760483069747552
389,1,45.797525710560791,-9.510456320254308
389,2,-44.62188250860634,-7.7653810425386345
390,1,52.529035132886776,-5.6868368095775139
390,2,-44.027333083952229,-15.049634104957271
391,1,22.511053986385829,5.0022041381853581
391,2,-38.874162240843148,24.212945950920325
392,1,51.974743692112298,-11.804568284722354
392,2,-33.82913015348025,-29.986971679093216
393,1,40.145901637850301,-6.7005346444650993
393,2,-64.748887244301443,-17.178901233194196
394,1,40.908301781075551,8.9955616366632434
394,2,-55.792811511983587,15.97032057172393
395,1,28.480410966027719,4.8109445986611821
395,2,-30.270888117320943,-17.015840511531508
396,1,24.120886181174104,12.850511998189381
396,2,-57.199565890101795,-27.17112432851102
397,1,36.563907836312382,15.068132105087638
397,2,-45.968593172100938,16.794016281292276
398,1,32.025970113781021,-8.7239778796673697
398,2,-23.614249028144116,16.145321877195528
399,1,47.177581341365212,-11.99916267957305
399,2,-40.617090435216468,-8.4777605260515045
