step,track_id,innov_x,innov_y,S00,S01,S10,S11
5,1,0,0,0,0,0,0
6,1,12.513224849507793,-17.546308836637358,454.000003515625,0,0,454.000003515625
7,1,-8.2852759086252803,-15.571769180908394,346.42073010240006,0,0,346.42073010240006
8,1,27.216561003012032,4.6128362562451279,315.45071630015758,0,0,315.45071630015758
9,1,19.608106544798986,25.497699605205909,304.20933141918084,0,0,304.20933141918084
9,2,0,0,0,0,0,0
10,1,-29.658285804641011,15.389308288063337,300.56628218563526,0,0,300.56628218563526
10,2,1.9173768293084947,-12.259647477188683,454.000003515625,0,0,454.000003515625
11,1,9.3086686691851099,-3.1114401934726721,299.87323091651467,0,0,299.87323091651467
11,2,9.3652595700960433,0.5264873822857421,346.42073010240006,0,0,346.42073010240006
12,1,9.9099291723584599,-3.9379820679259656,299.87327738598583,0,0,299.87327738598583
12,2,-2.1512338437770211,-27.195906574735481,315.45071630015758,0,0,315.45071630015758
13,1,0.53125544046778828,11.151793638358507,299.49958383728011,0,0,299.49958383728011
13,2,15.02197491384355,1.0741932064327973,304.20933141918084,0,0,304.20933141918084
14,1,15.665202664420008,18.168301678188321,298.38771019139267,0,0,298.38771019139267
14,2,-7.2108873224068759,-18.94172007079985,300.56628218563526,0,0,300.56628218563526
15,1,-7.870540246786959,4.053967724313873,296.55473428174889,0,0,296.55473428174889
15,2,-17.663103667331875,9.9464395203633469,299.87323091651467,0,0,299.87323091651467
16,1,3.3125476001940797,5.7576170826398414,294.17709422699812,0,0,294.17709422699812
16,2,4.891717783635869,16.973435064796302,299.87327738598583,0,0,299.87327738598583
17,1,-10.275156821501639,-29.98996661854116,291.46097405706632,0,0,291.46097405706632
17,2,-13.75598810606796,-2.2608834700170046,299.49958383728011,0,0,299.49958383728011
18,1,-5.6692572438353181,-11.799287929097058,288.5834981819192,0,0,288.5834981819192
18,2,-19.218415244596031,12.379582256897582,298.38771019139267,0,0,298.38771019139267
19,1,3.1064199854712911,-13.507327925369719,285.6759210726778,0,0,285.6759210726778
19,2,3.8957419174373342,9.2128051520910521,296.55473428174889,0,0,296.55473428174889
20,1,1.6229098025613808,-3.2857360332898877,282.82634306903276,0,0,282.82634306903276
20,2,6.3406580789368476,-0.70401279035198883,294.17709422699812,0,0,294.17709422699812
21,1,2.3351663155474682,23.893884535716317,280.08891071638664,0,0,280.08891071638664
21,2,52.507366677610122,24.734661970389165,291.46097405706632,0,0,291.46097405706632
22,1,0.93733408427694798,-10.521674022703966,277.49345909318549,0,0,277.49345909318549
22,2,18.003844853522139,-10.0417135961412,288.5834981819192,0,0,288.5834981819192
23,1,-3.1130195129788731,-12.293722433179637,275.05345113502455,0,0,275.05345113502455
23,2,1.3105505914836613,14.020334889980431,285.6759210726778,0,0,285.6759210726778
24,1,5.1785384694457477,1.9783206979327019,272.77184685972367,0,0,272.77184685972367
24,2,-6.3987750063308511,1.4974656354965159,282.82634306903276,0,0,282.82634306903276
25,1,5.7764925769520943,10.248032963263855,270.64518757049723,0,0,270.64518757049723
25,2,-8.0963179107753405,-21.561036084028686,280.08891071638664,0,0,280.08891071638664
26,1,-33.677432892684401,-15.188614784326528,268.66632855193484,0,0,268.66632855193484
26,2,20.518124512659199,14.164538735853643,277.49345909318549,0,0,277.49345909318549
27,1,-8.052199556933175,11.044946755221094,266.82621418532398,0,0,266.82621418532398
27,2,22.051558899188763,-4.6740499774744722,275.05345113502455,0,0,275.05345113502455
28,1,-14.430385088535601,-13.376692167804627,265.11500045482939,0,0,265.11500045482939
28,2,-5.4311173809877005,-19.924844438019065,272.77184685972367,0,0,272.77184685972367
29,1,-17.015337020959748,-7.747201836513546,263.5227437745861,0,0,263.5227437745861
29,2,-22.649587912341936,15.239185571289221,270.64518757049723,0,0,270.64518757049723
30,1,4.0098138965990842,9.4194601767454493,262.03980689770856,0,0,262.03980689770856
30,2,3.1999148343701194,-21.621641455038588,268.66632855193484,0,0,268.66632855193484
31,1,-6.6006834868484248,-16.910503684320197,260.65708316584318,0,0,260.65708316584318
31,2,-15.65611947210995,0.53140303383216381,266.82621418532398,0,0,266.82621418532398
32,1,-3.8265520473817816,-34.261980253377295,259.36610602290364,0,0,259.36610602290364
32,2,-1.1527441449656664,17.599377266879959,265.11500045482939,0,0,265.11500045482939
33,1,-8.9509149251985036,-9.0421504321889596,258.15908752102308,0,0,258.15908752102308
33,2,-31.001792624207411,-0.83969284577875936,263.5227437745861,0,0,263.5227437745861
34,1,-3.0815564559176067,8.065450700801108,257.02891412364386,0,0,257.02891412364386
34,2,-10.46934686067172,-30.285334584430295,262.03980689770856,0,0,262.03980689770856
35,1,-8.9839199420212594,-11.735497498494237,255.96911795787153,0,0,255.96911795787153
35,2,-16.479657034924216,-5.8029998935697495,260.65708316584318,0,0,260.65708316584318
36,1,-13.693014210337182,-1.5884343704189048,254.9738350300037,0,0,254.9738350300037
36,2,2.4273149800532963,16.490570089804486,259.36610602290364,0,0,259.36610602290364
37,1,-13.025531724909698,-4.8117571324595589,254.03775760066958,0,0,254.03775760066958
37,2,-27.627911364584236,0.65440161852121115,258.15908752102308,0,0,258.15908752102308
38,1,7.205124597653807,18.103675598033224,253.15608512195789,0,0,253.15608512195789
38,2,-3.5543348532930565,-6.4550247976889219,257.02891412364386,0,0,257.02891412364386
39,1,-3.0901827980164995,-31.407577535701922,252.32447634126908,0,0,252.32447634126908
39,2,-14.160768152572658,-51.188833692426854,255.96911795787153,0,0,255.96911795787153
40,1,8.8457495126657193,3.299003583288191,251.53900402905924,0,0,251.53900402905924
40,2,8.140228931413688,-14.45830701663359,254.9738350300037,0,0,254.9738350300037
41,1,7.1191455549018983,16.288991278771302,250.79611306323827,0,0,250.79611306323827
41,2,-20.389311344387096,-23.366910785601792,254.03775760066958,0,0,254.03775760066958
42,1,25.529291871197266,-18.283928448535651,250.09258215328452,0,0,250.09258215328452
42,2,0.34260777033819068,-0.80229927994142791,253.15608512195789,0,0,253.15608512195789
43,1,7.2555452658009401,3.0969783005467431,249.42548921508168,0,0,249.42548921508168
43,2,-1.8766286058979205,36.700577684126166,252.32447634126908,0,0,252.32447634126908
44,1,-29.541597931752392,-1.0500018657129244,248.79218024962773,0,0,248.79218024962773
44,2,-7.0658158109229774,-3.9774546007476865,251.53900402905924,0,0,251.53900402905924
45,1,-15.567029854055903,-13.693470278337276,248.19024149368801,0,0,248.19024149368801
45,2,1.7966766549472055,22.023242477633278,250.79611306323827,0,0,250.79611306323827
46,1,-0.98863813817371238,15.826646207341721,247.61747457113984,0,0,247.61747457113984
46,2,-24.789238414591722,-32.158286490119451,250.09258215328452,0,0,250.09258215328452
47,1,5.5594782340445192,-11.882987814860474,247.07187436261847,0,0,247.07187436261847
47,2,5.1608322238329976,27.634979933129642,249.42548921508168,0,0,249.42548921508168
48,1,-7.0716677416070155,-30.595682246312201,246.55160931674266,0,0,246.55160931674266
48,2,-16.410530882884323,1.7238951749608251,248.79218024962773,0,0,248.79218024962773
49,1,7.4279001281675363,-0.31128694798848899,246.05500394136226,0,0,246.05500394136226
49,2,-9.1648606728182358,7.5937583085627214,248.19024149368801,0,0,248.19024149368801
50,1,-4.9249170454501154,-7.5730266293264279,245.58052323327843,0,0,245.58052323327843
50,2,9.9157359915048815,4.9565199190698026,247.61747457113984,0,0,247.61747457113984
51,1,9.368201617833094,-8.5644056486292754,245.1267588268324,0,0,245.1267588268324
51,2,-12.377211969715347,-6.5506043865114503,247.07187436261847,0,0,247.07187436261847
52,1,4.5185787431487583,-19.528539437652707,244.69241666387089,0,0,244.69241666387089
52,2,13.671623322263393,9.8070953403993855,246.55160931674266,0,0,246.55160931674266
53,1,-9.3387713637448115,25.917480873911074,244.27630600883697,0,0,244.27630600883697
53,2,15.551486439022128,16.688562142310385,246.05500394136226,0,0,246.05500394136226
54,1,18.245085650248114,4.7084452955779685,243.87732965254457,0,0,243.87732965254457
54,2,-0.53827804210304464,-18.816560987296921,245.58052323327843,0,0,245.58052323327843
55,1,3.8277692350745696,-3.4606109075149698,243.49447516630582,0,0,243.49447516630582
55,2,-6.4731499390640721,-8.3327164720518301,245.1267588268324,0,0,245.1267588268324
56,1,-2.9447789076241975,-3.591376366280695,243.1268070844182,0,0,243.1268070844182
56,2,7.4452355289371255,-0.80262199261233558,244.69241666387089,0,0,244.69241666387089
57,1,9.38859401410852,6.4732602468671843,242.77345990761282,0,0,242.77345990761282
57,2,-2.5437063673530886,18.469078463873764,244.27630600883697,0,0,244.27630600883697
58,1,-19.794023126170657,-17.291499597444485,242.43363183301503,0,0,242.43363183301503
58,2,-29.815845934022171,-0.72708270148501986,243.87732965254457,0,0,243.87732965254457
59,1,20.190111851123319,3.542774483894279,242.10657912760243,0,0,242.10657912760243
59,2,-6.3874069232685002,14.803357521819652,243.49447516630582,0,0,243.49447516630582
60,1,-5.6552548541128829,-8.2167076848300571,241.79161107220395,0,0,241.79161107220395
60,2,-12.261382273971336,10.887909235697066,243.1268070844182,0,0,243.1268070844182
61,1,-23.758512453069713,-45.930416379841702,241.48808541191246,0,0,241.48808541191246
61,2,-0.35024598940385943,-24.469885383726755,242.77345990761282,0,0,242.77345990761282
62,1,-20.712265053274209,6.475676900887068,241.19540425651894,0,0,241.19540425651894
62,2,3.4367605082738848,-22.633901600774998,242.43363183301503,0,0,242.43363183301503
63,1,30.133001075307916,9.0532236991204016,240.91301038134733,0,0,240.91301038134733
63,2,-3.0558806497914688,0.3311625263467497,242.10657912760243,0,0,242.10657912760243
64,1,10.029119178634936,17.91830704438717,240.6403838847923,0,0,240.6403838847923
64,2,2.1578071182871028,7.5460956115843763,241.79161107220395,0,0,241.79161107220395
65,1,14.276359300166916,20.450053387233922,240.37703916404368,0,0,240.37703916404368
65,2,29.284247859546475,-8.9193168120765183,241.48808541191246,0,0,241.48808541191246
66,1,36.261028956115744,16.744483164086411,240.12252217501299,0,0,240.12252217501299
66,2,0.11172607714222949,0.52515144142513015,241.19540425651894,0,0,241.19540425651894
67,1,22.228729597046964,22.994328427932512,239.87640794644463,0,0,239.87640794644463
67,2,-17.337570457060181,17.01336419521261,240.91301038134733,0,0,240.91301038134733
68,1,0.60101786401378376,-21.259053448802248,239.63829832166655,0,0,239.63829832166655
68,2,-1.761361432196324,23.081731818216099,240.6403838847923,0,0,240.6403838847923
69,1,-1.7073609145145809,-13.649742113282501,239.40781990447886,0,0,239.40781990447886
69,2,19.482157119539941,-5.1431925190735495,240.37703916404368,0,0,240.37703916404368
70,1,-2.4883154665146208,-1.217981757092921,239.18462218834725,0,0,239.18462218834725
70,2,22.524393663909464,-22.312629137621546,240.12252217501299,0,0,240.12252217501299
71,1,35.068913997603858,4.3329036531817762,238.96837585041075,0,0,238.96837585041075
71,2,5.8529804157836693,26.259681599016812,239.87640794644463,0,0,239.87640794644463
72,1,0.1612020178681064,0.67742835976738092,238.75877119387224,0,0,238.75877119387224
72,2,11.028011476540065,-5.4374855887579097,239.63829832166655,0,0,239.63829832166655
73,1,-4.8119407513192272,15.582423335072145,238.5555167241499,0,0,238.5555167241499
73,2,1.0019403763183021,-8.2173552024885375,239.40781990447886,0,0,239.40781990447886
74,1,-0.99496203982581477,-0.2514404212112491,238.35833784576312,0,0,238.35833784576312
74,2,-2.0204674930480948,-16.314902319607882,239.18462218834725,0,0,239.18462218834725
75,1,-9.4436591038538324,-2.148944172394307,238.16697566833182,0,0,238.16697566833182
75,2,7.5308463098092062,-0.36375918314477662,238.96837585041075,0,0,238.96837585041075
76,1,-20.088566674537283,11.719983540219548,237.98118591130864,0,0,237.98118591130864
76,2,-18.921569489633818,0.2070480750616106,238.75877119387224,0,0,238.75877119387224
77,1,-16.810574606193306,-6.3450774413759401,237.80073789816095,0,0,237.80073789816095
77,2,-13.539886759563579,12.259007006831913,238.5555167241499,0,0,238.5555167241499
78,1,22.527663789773619,17.767788635267262,237.62541363168864,0,0,237.62541363168864
78,2,-9.529442627947887,10.552133926526723,238.35833784576312,0,0,238.35833784576312
79,1,-25.395148914807649,9.8841933283605421,237.45500694302504,0,0,237.45500694302504
79,2,10.64830888416887,6.64949530357854,238.16697566833182,0,0,238.16697566833182
80,1,9.6990489232336472,-28.945392979665776,237.28932270762863,0,0,237.28932270762863
80,2,-2.4578135832021673,8.610081794812924,237.98118591130864,0,0,237.98118591130864
81,1,13.670491358788084,-24.513789730250004,237.12817612225223,0,0,237.12817612225223
81,2,-12.500899765819312,-13.397164666267193,237.80073789816095,0,0,237.80073789816095
82,1,14.897950261517011,-11.309551580290243,236.97139203747776,0,0,236.97139203747776
82,2,8.6653751985106737,5.3384796838126167,237.62541363168864,0,0,237.62541363168864
83,1,-17.039513549686532,13.739428323919576,236.81880434094018,0,0,236.81880434094018
83,2,27.496413755087957,20.890296915721741,237.45500694302504,0,0,237.45500694302504
84,1,15.182401023683624,-0.52843917933124995,236.670255386843,0,0,236.670255386843
84,2,5.7597648922285671,-12.20360536145818,237.28932270762863,0,0,237.28932270762863
85,1,9.567005366921002,-2.7821987070557914,236.52559546779352,0,0,236.52559546779352
85,2,7.5668882429849447,-13.733549572467052,237.12817612225223,0,0,237.12817612225223
86,1,7.1149574586983704,-17.711597237047016,236.38468232536738,0,0,236.38468232536738
86,2,2.196264030377165,-20.233262083662684,236.97139203747776,0,0,236.97139203747776
87,1,4.5133428185482316,15.135314744220596,236.24738069615188,0,0,236.24738069615188
87,2,10.19871471255945,1.6002665592075371,236.81880434094018,0,0,236.81880434094018
88,1,24.988202663801054,-10.336696333270512,236.11356189032466,0,0,236.11356189032466
88,2,-8.6846259411760016,1.1265578418502642,236.670255386843,0,0,236.670255386843
89,1,-2.6845981275814097,11.102291024066737,235.9831034000955,0,0,235.9831034000955
89,2,-11.254201178487925,-47.101142372195305,236.52559546779352,0,0,236.52559546779352
90,1,23.652775228520497,-24.172978523654727,235.8558885355871,0,0,235.8558885355871
90,2,3.683461081266671,8.4456397346301664,236.38468232536738,0,0,236.38468232536738
91,1,-14.42582834550587,2.7513799785479476,235.73180608594942,0,0,235.73180608594942
91,2,-10.127745929854321,-9.5830010086199948,236.24738069615188,0,0,236.24738069615188
92,1,-15.134861537731339,-5.0194195234613916,235.61075000370258,0,0,235.61075000370258
92,2,-10.248783926617733,0.060417052480743472,236.11356189032466,0,0,236.11356189032466
93,1,-4.8880533016954146,4.6020742666317194,235.49261911048063,0,0,235.49261911048063
93,2,-15.750345319358225,19.076973186206004,235.9831034000955,0,0,235.9831034000955
94,1,-23.676994772827449,-9.5240979748069137,235.37731682251078,0,0,235.37731682251078
94,2,1.5984095011687316,5.9468678516667257,235.8558885355871,0,0,235.8558885355871
95,1,-7.040440726663256,-1.2702370888041348,235.26475089430795,0,0,235.26475089430795
95,2,8.2582622840299251,9.0852573466082198,235.73180608594942,0,0,235.73180608594942
96,1,-12.986987767736295,-5.4932419751681305,235.15483317919586,0,0,235.15483317919586
96,2,-26.93923532607899,1.5208161992269584,235.61075000370258,0,0,235.61075000370258
97,1,17.965166069717512,-7.2256539188818607,235.04747940538519,0,0,235.04747940538519
97,2,-7.7522183864813741,-5.3381802274665127,235.49261911048063,0,0,235.49261911048063
98,1,-4.0531117954231917,-1.4052941881791865,234.94260896644639,0,0,234.94260896644639
98,2,-5.6691189884146169,-25.395380225677453,235.37731682251078,0,0,235.37731682251078
99,1,-1.7170727973505748,21.322675445239504,234.84014472511313,0,0,234.84014472511313
99,2,7.9368278053912391,16.542000392735087,235.26475089430795,0,0,235.26475089430795
100,1,-8.3196489342813535,23.951699435787138,234.74001282944036,0,0,234.74001282944036
100,2,-20.87185083117437,9.2080614528912967,235.15483317919586,0,0,235.15483317919586
101,1,5.8382547683286248,10.441518325408241,234.64214254042108,0,0,234.64214254042108
101,2,4.4312944195675499,-2.3229344193279053,235.04747940538519,0,0,235.04747940538519
102,1,-0.10257359842076852,7.9897885887781879,234.54646607024006,0,0,234.54646607024006
102,2,13.240437994491046,1.2392885653543821,234.94260896644639,0,0,234.94260896644639
103,1,-6.0306068801810113,18.35769088227628,234.45291843040783,0,0,234.45291843040783
103,2,-1.7063270890850504,-2.0978937586097097,234.84014472511313,0,0,234.84014472511313
104,1,-0.98894422641759405,13.273831280898056,234.36143728907973,0,0,234.36143728907973
104,2,18.984906087613403,-10.460378117918625,234.74001282944036,0,0,234.74001282944036
105,1,-4.5820383980605826,20.765658881509985,234.2719628369197,0,0,234.2719628369197
105,2,1.5431674650544025,3.3794833731535063,234.64214254042108,0,0,234.64214254042108
106,1,22.363231663651405,21.851605442571032,234.18443766091852,0,0,234.18443766091852
106,2,-12.655358401029233,-35.14584123010679,234.54646607024006,0,0,234.54646607024006
107,1,-9.3263320092813373,-14.129401368959872,234.09880662562279,0,0,234.09880662562279
107,2,-25.516765621980223,6.5404681613872553,234.45291843040783,0,0,234.45291843040783
108,1,20.42623888766952,-9.4547949877999446,234.01501676127182,0,0,234.01501676127182
108,2,-18.626289524950181,1.8709997539012124,234.36143728907973,0,0,234.36143728907973
109,1,16.338996784214739,-12.409739774383597,233.93301715837958,0,0,233.93301715837958
109,2,-20.908758310933205,30.635445381742898,234.2719628369197,0,0,234.2719628369197
110,1,37.059194177971975,0.65703183510049312,233.85275886833193,0,0,233.85275886833193
110,2,8.6903613115320724,-12.413295247294794,234.18443766091852,0,0,234.18443766091852
111,1,-1.9107283700402746,-12.521825996981974,233.77419480960367,0,0,233.77419480960367
111,2,-4.1930862652736067,-14.521849714709026,234.09880662562279,0,0,234.09880662562279
112,1,-13.346228935074421,-1.6239413076500249,233.69727967922776,0,0,233.69727967922776
112,2,9.7474429425555442,14.756849153113929,234.01501676127182,0,0,234.01501676127182
113,1,-18.694635745739902,-1.0653364615793215,233.62196986917718,0,0,233.62196986917718
113,2,9.0588995310965927,-1.719414916435293,233.93301715837958,0,0,233.93301715837958
114,1,-7.2672948163965856,5.4869247085024728,233.54822338734394,0,0,233.54822338734394
114,2,3.3770521001176022,-23.06649605534038,233.85275886833193,0,0,233.85275886833193
115,1,-2.8432112934864548,14.355859493876286,233.47599978282364,0,0,233.47599978282364
115,2,4.7525810505124113,-1.7061396853809918,233.77419480960367,0,0,233.77419480960367
116,1,-22.148608519808754,-5.6586836808968641,233.40526007523351,0,0,233.40526007523351
116,2,2.4955832160685532,-3.8969030562230351,233.69727967922776,0,0,233.69727967922776
117,1,15.434445090139715,3.4083360329059298,233.335966687813,0,0,233.335966687813
117,2,-20.089298676790932,-16.85597621567954,233.62196986917718,0,0,233.62196986917718
118,1,-35.612913636703347,15.492020822848289,233.26808338407176,0,0,233.26808338407176
118,2,-2.3458330146441924,2.2535587827972412,233.54822338734394,0,0,233.54822338734394
119,1,-25.430970022894009,-17.628573458303112,233.20157520776831,0,0,233.20157520776831
119,2,18.632065674558412,10.916957591959108,233.47599978282364,0,0,233.47599978282364
120,1,7.9869810530672609,24.664301172139716,233.13640842601603,0,0,233.13640842601603
120,2,10.595867710860311,-18.27012022655969,233.40526007523351,0,0,233.40526007523351
121,1,-4.8247700919145586,14.023180852941003,233.07255047532823,0,0,233.07255047532823
121,2,6.3019862497394215,-2.81913523231403,233.335966687813,0,0,233.335966687813
122,1,0.70603344712964855,3.7219426801889037,233.00996991042661,0,0,233.00996991042661
122,2,-3.4587394371079085,-2.1978397504440492,233.26808338407176,0,0,233.26808338407176
123,1,-13.277363588015191,-7.9877661787590899,232.94863635564909,0,0,232.94863635564909
123,2,16.150852124669925,6.1041272120992565,233.20157520776831,0,0,233.20157520776831
124,1,7.4948947672999395,-7.2265242715639628,232.88852045880444,0,0,232.88852045880444
124,2,-15.86228430532482,6.8291531302472857,233.13640842601603,0,0,233.13640842601603
125,1,15.777385838774826,-7.3197874339013573,232.82959384733078,0,0,232.82959384733078
125,2,16.695584243531677,-0.72103646540582056,233.07255047532823,0,0,233.07255047532823
126,1,-13.024023423331585,-1.8886460084030074,232.77182908662527,0,0,232.77182908662527
126,2,-0.76666651432946509,8.7716512230965513,233.00996991042661,0,0,233.00996991042661
127,1,-23.45944510142008,-15.27298431372294,232.7151996404202,0,0,232.7151996404202
127,2,-3.4975706434017155,-4.3736173141486461,232.94863635564909,0,0,232.94863635564909
128,1,-9.6324359966802291,-9.9484395082103401,232.65967983308929,0,0,232.65967983308929
128,2,-4.8968609776189496,-10.241862988592199,232.88852045880444,0,0,232.88852045880444
129,1,-19.189644540325403,-12.397587160195567,232.60524481377553,0,0,232.60524481377553
129,2,15.378792299556906,-16.138072135323458,232.82959384733078,0,0,232.82959384733078
130,1,13.405291094084724,-16.860759501883358,232.55187052223863,0,0,232.55187052223863
130,2,-31.569302558091575,5.2679345295066993,232.77182908662527,0,0,232.77182908662527
131,1,9.1931423239390568,-30.279971293482582,232.49953365632692,0,0,232.49953365632692
131,2,-12.525084013352519,14.837479188758905,232.7151996404202,0,0,232.7151996404202
132,1,33.948356359769271,-0.021648758783724187,232.4482116409842,0,0,232.4482116409842
132,2,6.1090919523517897,-16.169364279763762,232.65967983308929,0,0,232.65967983308929
133,1,-21.509426993433344,9.3902553429276114,232.39788259870815,0,0,232.39788259870815
133,2,-12.568738013031215,-12.315467182244388,232.60524481377553,0,0,232.60524481377553
134,1,14.066994012090817,-23.629303634152446,232.34852532138171,0,0,232.34852532138171
134,2,-0.86811940240099972,21.99486952539457,232.55187052223863,0,0,232.55187052223863
135,1,4.5293599152008994,-19.799419319313763,232.30011924340374,0,0,232.30011924340374
135,2,7.5866377780637819,5.2225159241782215,232.49953365632692,0,0,232.49953365632692
136,1,-4.6700773769784973,20.22452624379638,232.25264441604992,0,0,232.25264441604992
136,2,-15.020498770063568,-33.190419562404195,232.4482116409842,0,0,232.4482116409842
137,1,2.6255757449223793,20.015238499124269,232.20608148299934,0,0,232.20608148299934
137,2,-19.895530847509935,-42.758872928491677,232.39788259870815,0,0,232.39788259870815
138,1,18.425084208125515,-51.568057275817239,232.16041165696524,0,0,232.16041165696524
138,2,-7.1398269770423752,-0.84234894440532249,232.34852532138171,0,0,232.34852532138171
139,1,22.943008539430956,2.4674927117090451,232.11561669737321,0,0,232.11561669737321
139,2,-4.8973393831617784,-28.343968642276714,232.30011924340374,0,0,232.30011924340374
140,1,-8.812689567719687,44.678283506050981,232.07167888903251,0,0,232.07167888903251
140,2,5.1821380076112646,0.18151196650041801,232.25264441604992,0,0,232.25264441604992
141,1,-12.61114338737989,27.681294796074432,232.0285810217504,0,0,232.0285810217504
141,2,-13.896118788941145,-0.36190383269771387,232.20608148299934,0,0,232.20608148299934
142,1,-19.788617340678208,23.379202684695692,231.98630637084108,0,0,231.98630637084108
142,2,6.3109568420174753,-18.729996650151719,232.16041165696524,0,0,232.16041165696524
143,1,-6.4805225168382066,33.457438463011442,231.94483867848507,0,0,231.94483867848507
143,2,-15.515583922414795,0.51027313759571169,232.11561669737321,0,0,232.11561669737321
144,1,12.727738041165985,8.1913252969140427,231.90416213589626,0,0,231.90416213589626
144,2,-10.170865069192594,15.359395069923066,232.07167888903251,0,0,232.07167888903251
145,1,-28.545435540921183,-9.1656575495326607,231.86426136625707,0,0,231.86426136625707
145,2,3.6445036137063909,-5.8671914142006774,232.0285810217504,0,0,232.0285810217504
146,1,-24.975978237172214,-3.1466864619616506,231.82512140838389,0,0,231.82512140838389
146,2,-15.529953974162993,20.799031201549663,231.98630637084108,0,0,231.98630637084108
147,1,-7.3342415482513701,6.595947081602775,231.78672770108761,0,0,231.78672770108761
147,2,-12.356242808431993,11.672693507044841,231.94483867848507,0,0,231.94483867848507
148,1,12.801405802742615,-2.7260406313330368,231.74906606819579,0,0,231.74906606819579
148,2,27.638139127094384,-7.7298846016788163,231.90416213589626,0,0,231.90416213589626
149,1,19.603790576899218,36.302413318945,231.71212270420475,0,0,231.71212270420475
149,2,9.574984236758759,2.6122121642791343,231.86426136625707,0,0,231.86426136625707
150,1,12.638311927290438,-16.992430284453871,231.67588416053204,0,0,231.67588416053204
150,2,14.655893797565859,2.8995300050193684,231.82512140838389,0,0,231.82512140838389
151,1,6.6334192187483225,-22.72531046720902,231.64033733234086,0,0,231.64033733234086
151,2,-26.52161962996669,-13.571970375621099,231.78672770108761,0,0,231.78672770108761
152,1,27.122766678207501,3.1041494466186217,231.60546944591024,0,0,231.60546944591024
152,2,-5.0574354776734083,-7.7102899474660589,231.74906606819579,0,0,231.74906606819579
153,1,-21.833947616553033,6.3970710825429098,231.57126804652538,0,0,231.57126804652538
153,2,2.8750667031411936,0.53064302667799024,231.71212270420475,0,0,231.71212270420475
154,1,-11.251581477300483,6.6034026623688327,231.53772098686477,0,0,231.53772098686477
154,2,-0.78310072907104811,10.596493714452846,231.67588416053204,0,0,231.67588416053204
155,1,-0.14415288076262556,7.034331856968838,231.50481641586137,0,0,231.50481641586137
155,2,2.6865056022042779,-12.546382002358621,231.64033733234086,0,0,231.64033733234086
156,1,38.009464220109123,-11.493406286244907,231.47254276801675,0,0,231.47254276801675
156,2,12.249984707718504,-16.048169662596905,231.60546944591024,0,0,231.60546944591024
157,1,-6.1791744008590435,14.863640298073438,231.44088875314765,0,0,231.44088875314765
157,2,-3.8967196208660049,-8.8024808213568431,231.57126804652538,0,0,231.57126804652538
158,1,19.306999327811312,-21.490702603404969,231.40984334654652,0,0,231.40984334654652
158,2,21.037573913313324,-6.5223154290548786,231.53772098686477,0,0,231.53772098686477
159,1,-13.77160717298198,-20.022864731868484,231.37939577953733,0,0,231.37939577953733
159,2,-16.081077624613677,-13.862052597897627,231.50481641586137,0,0,231.50481641586137
160,1,-6.799138811249076,8.1881101590735881,231.3495355304097,0,0,231.3495355304097
160,2,14.718099260468307,-8.443820573880636,231.47254276801675,0,0,231.47254276801675
161,1,-1.5473296889283503,-7.5743740477206316,231.32025231571532,0,0,231.32025231571532
161,2,3.6068793742489653,-17.483587650941402,231.44088875314765,0,0,231.44088875314765
162,1,24.34117889455834,27.586801860662803,231.29153608191089,0,0,231.29153608191089
162,2,-2.19676606379155,9.2074818628935962,231.40984334654652,0,0,231.40984334654652
163,1,-9.9435809703829889,-2.5666815499476607,231.26337699733321,0,0,231.26337699733321
163,2,-12.15313067705382,0.70645469276198103,231.37939577953733,0,0,231.37939577953733
164,1,10.44115105162987,14.445955494701401,231.23576544449222,0,0,231.23576544449222
164,2,-22.443008120913522,7.8362015625306096,231.3495355304097,0,0,231.3495355304097
165,1,-20.403746854092425,-8.5167969657682878,231.20869201266913,0,0,231.20869201266913
165,2,21.447182042579122,-14.306483950426697,231.32025231571532,0,0,231.32025231571532
166,1,-19.487746120844751,-17.385819731457509,231.1821474908067,0,0,231.1821474908067
166,2,-3.3805457694959209,17.920022884498248,231.29153608191089,0,0,231.29153608191089
167,1,22.833281694053188,-3.6555973332937151,231.15612286068026,0,0,231.15612286068026
167,2,9.9771871842514557,-6.1558819421210309,231.26337699733321,0,0,231.26337699733321
168,1,-4.0173954008906918,4.3786316188283392,231.13060929033742,0,0,231.13060929033742
168,2,-0.82297123989564369,13.537192635362805,231.23576544449222,0,0,231.23576544449222
169,1,-6.9255093406037602,-12.163523929533198,231.1055981277963,0,0,231.1055981277963
169,2,22.603646258888897,-0.0087831409053285014,231.20869201266913,0,0,231.20869201266913
170,1,4.9345033674073697,-13.020210914240254,231.08108089499166,0,0,231.08108089499166
170,2,-15.741825642766933,-1.9133443139343851,231.1821474908067,0,0,231.1821474908067
171,1,6.1330511578860119,-5.6226780969595804,231.05704928195928,0,0,231.05704928195928
171,2,4.7897843514767686,-10.361132548489667,231.15612286068026,0,0,231.15612286068026
172,1,23.103274466662548,33.883283903192549,231.03349514124909,0,0,231.03349514124909
172,2,25.073905502896398,-1.50704737156041,231.13060929033742,0,0,231.13060929033742
173,1,15.337223089359664,18.516839653847512,231.01041048255829,0,0,231.01041048255829
173,2,-13.221508622594891,12.728143032158153,231.1055981277963,0,0,231.1055981277963
174,1,6.2844720528279652,20.342825192682181,230.98778746757603,0,0,230.98778746757603
174,2,0.70290874454898855,-14.247839269882958,231.08108089499166,0,0,231.08108089499166
175,1,11.434564415923941,-0.97054452757373011,230.96561840503128,0,0,230.96561840503128
175,2,17.14409988973809,2.740060520445156,231.05704928195928,0,0,231.05704928195928
176,1,23.329932985630151,-1.4885055090273474,230.94389574593654,0,0,230.94389574593654
176,2,10.224425231395934,7.2988724499714053,231.03349514124909,0,0,231.03349514124909
177,1,-17.93999963754144,-22.435170519957552,230.92261207901956,0,0,230.92261207901956
177,2,-11.446362807042025,13.584380072884866,231.01041048255829,0,0,231.01041048255829
178,1,5.6953584506141226,-13.849215931400543,230.90176012633643,0,0,230.90176012633643
178,2,0.15851111254351835,15.63354345817225,230.98778746757603,0,0,230.98778746757603
179,1,2.4409086025031428,25.90166872944911,230.88133273905905,0,0,230.88133273905905
179,2,-38.13627815229799,17.58327198480427,230.96561840503128,0,0,230.96561840503128
180,1,-22.488369049994933,15.275174825254224,230.86132289343038,0,0,230.86132289343038
180,2,24.326363795900686,-34.694244767215231,230.94389574593654,0,0,230.94389574593654
181,1,9.6351621357539354,14.747376792728929,230.84172368688183,0,0,230.84172368688183
181,2,-28.347395905103753,9.9499339028373193,230.92261207901956,0,0,230.92261207901956
182,1,9.4221229900932517,-17.914093335481692,230.82252833430601,0,0,230.82252833430601
182,2,10.110151348103987,-2.4830359908164183,230.90176012633643,0,0,230.90176012633643
183,1,-32.979909617302965,-0.59931459206421112,230.8037301644801,0,0,230.8037301644801
183,2,10.94524558750761,26.463404466197673,230.88133273905905,0,0,230.88133273905905
184,1,-5.6521208030531085,-2.2173380824779381,230.78532261663355,0,0,230.78532261663355
184,2,38.996139329498973,-0.76809116799766075,230.86132289343038,0,0,230.86132289343038
185,1,-11.409590331052822,1.9711155555209188,230.7672992371555,0,0,230.7672992371555
185,2,10.017403811724062,6.9348393151817476,230.84172368688183,0,0,230.84172368688183
186,1,-24.589061686323227,-3.3751962498210579,230.74965367643659,0,0,230.74965367643659
186,2,-9.2337403617589437,-23.635273360413809,230.82252833430601,0,0,230.82252833430601
187,1,-13.251109024590946,5.6752090206984773,230.73237968584019,0,0,230.73237968584019
187,2,3.1275940583657409,9.8355170793707192,230.8037301644801,0,0,230.8037301644801
188,1,-6.6190205771375759,16.419218667633245,230.71547111479893,0,0,230.71547111479893
188,2,12.091655259562646,6.6408999060808585,230.78532261663355,0,0,230.78532261663355
189,1,-2.606682566446306,28.895870213206646,230.69892190803148,0,0,230.69892190803148
189,2,-31.68830885781848,28.258179464449206,230.7672992371555,0,0,230.7672992371555
190,1,11.033023550343605,-7.4844435225014889,230.68272610287568,0,0,230.68272610287568
190,2,-1.6994961519165237,-21.1127491203919,230.74965367643659,0,0,230.74965367643659
191,1,8.1923206698952313,-16.690367557174156,230.66687782673358,0,0,230.66687782673358
191,2,15.850902135965065,-10.698249363458107,230.73237968584019,0,0,230.73237968584019
192,1,1.9162838179838602,-2.4971296828210137,230.65137129462471,0,0,230.65137129462471
192,2,0.82492848881828706,24.876911396154004,230.71547111479893,0,0,230.71547111479893
193,1,13.464462850000182,-1.9244603219911576,230.63620080684348,0,0,230.63620080684348
193,2,-4.7409000803973882,-25.863181453965758,230.69892190803148,0,0,230.69892190803148
194,1,0.80377317432449047,-1.9210392542123855,230.62136074671702,0,0,230.62136074671702
194,2,-6.8485171871389454,10.309918292026312,230.68272610287568,0,0,230.68272610287568
195,1,12.359974182633165,5.2402649572058628,230.60684557846,0,0,230.60684557846
195,2,-10.833410226666061,5.289058252846166,230.66687782673358,0,0,230.66687782673358
196,1,-7.0410396650804756,2.4670993358445754,230.59264984512288,0,0,230.59264984512288
196,2,-13.213602067056776,11.632346385445771,230.65137129462471,0,0,230.65137129462471
197,1,-25.567591307987502,10.596349434824489,230.5787681666302,0,0,230.5787681666302
197,2,-9.6330580024239776,-1.6254158259744687,230.63620080684348,0,0,230.63620080684348
198,1,-30.28588377910221,-13.880727575648793,230.56519523790561,0,0,230.56519523790561
198,2,-2.1049022978913747,-13.794352083175308,230.62136074671702,0,0,230.62136074671702
199,1,-17.070937864019008,11.235082843919411,230.55192582708065,0,0,230.55192582708065
199,2,-8.3763014300163849,3.4545563601688518,230.60684557846,0,0,230.60684557846
200,1,-2.2608945417294208,-20.993880693069819,230.53895477378427,0,0,230.53895477378427
200,2,1.7848902384071685,-2.5063881723840118,230.59264984512288,0,0,230.59264984512288
201,1,-11.585058314239213,-7.7008518017760199,230.5262769875097,0,0,230.5262769875097
201,2,15.431959803062743,-13.594114536993166,230.5787681666302,0,0,230.5787681666302
202,1,7.7398239512822311,-10.45453315599849,230.51388744605649,0,0,230.51388744605649
202,2,-15.071744665186891,-8.9514627457690814,230.56519523790561,0,0,230.56519523790561
203,1,-18.580870751881676,3.4136351776769152,230.50178119404424,0,0,230.50178119404424
203,2,3.4270441349377023,17.435675875595319,230.55192582708065,0,0,230.55192582708065
204,1,-15.257875220372679,-30.077137835704704,230.48995334149598,0,0,230.48995334149598
204,2,2.3790429071243899,16.026869576486572,230.53895477378427,0,0,230.53895477378427
205,1,14.824602568564666,13.732841990852963,230.47839906248794,0,0,230.47839906248794
205,2,-6.0823183768470663,-15.397786232241899,230.5262769875097,0,0,230.5262769875097
206,1,4.0874116013364397,-8.0984176765438747,230.46711359386367,0,0,230.46711359386367
206,2,24.52701582431629,8.2145552544840346,230.51388744605649,0,0,230.51388744605649
207,1,7.6772119666318126,-20.15409554136879,230.4560922340097,0,0,230.4560922340097
207,2,16.727865888310731,11.299154823011349,230.50178119404424,0,0,230.50178119404424
208,1,1.3441776605951716,-32.949083963866386,230.44533034169066,0,0,230.44533034169066
208,2,-2.040248077895118,10.347218918396194,230.48995334149598,0,0,230.48995334149598
209,1,2.4016417156451446,16.888307945033386,230.43482333494114,0,0,230.43482333494114
209,2,-10.026339722515171,-23.038797599341752,230.47839906248794,0,0,230.47839906248794
210,1,12.399946679921328,-4.2834730043106335,230.42456669001214,0,0,230.42456669001214
210,2,8.8376457367122576,-10.835414506906126,230.46711359386367,0,0,230.46711359386367
211,1,1.4050649706037177,-0.30984817719928393,230.41455594037026,0,0,230.41455594037026
211,2,-1.9182629742210793,-27.468989843640902,230.4560922340097,0,0,230.4560922340097
212,1,-3.216129264848572,4.5971306807530468,230.40478667574672,0,0,230.40478667574672
212,2,20.67498003595141,6.2026535006946526,230.44533034169066,0,0,230.44533034169066
213,1,16.533816058649975,7.9786825562823465,230.39525454123489,0,0,230.39525454123489
213,2,2.9536185781012385,-41.404569957903327,230.43482333494114,0,0,230.43482333494114
214,1,-23.45000597659805,-3.4236065694002473,230.38595523643363,0,0,230.38595523643363
214,2,12.26359651746148,55.014484800555316,230.42456669001214,0,0,230.42456669001214
215,1,3.0822278176048972,-6.7019993861035143,230.37688451463504,0,0,230.37688451463504
215,2,12.039949464362376,-17.31611117969527,230.41455594037026,0,0,230.41455594037026
216,1,-6.8046635564943578,20.522793452582139,230.36803818205397,0,0,230.36803818205397
216,2,-24.759507411638321,11.906288017799575,230.40478667574672,0,0,230.40478667574672
217,1,6.0432225445174064,20.33513010954961,230.35941209709821,0,0,230.35941209709821
217,2,7.2881187186111287,-13.842318495642163,230.39525454123489,0,0,230.39525454123489
218,1,-4.7388560005910865,-7.4093771081028201,230.35100216967675,0,0,230.35100216967675
218,2,3.5276487888393611,12.284940848566874,230.38595523643363,0,0,230.38595523643363
219,1,16.178650548537217,15.894694100520663,230.34280436054473,0,0,230.34280436054473
219,2,-16.412035785822667,-17.472722530644976,230.37688451463504,0,0,230.37688451463504
220,1,16.841478674327334,-9.5875654554284608,230.33481468068337,0,0,230.33481468068337
220,2,1.9267651103826307,-13.966586743073563,230.36803818205397,0,0,230.36803818205397
221,1,5.5753706560317511,-24.057581070947528,230.32702919071281,0,0,230.32702919071281
221,2,1.5351513232821716,-1.8509539018090813,230.35941209709821,0,0,230.35941209709821
222,1,-38.455753603760066,-4.1896957894289955,230.31944400033655,0,0,230.31944400033655
222,2,-9.0646476713405253,-4.7004223785579642,230.35100216967675,0,0,230.35100216967675
223,1,20.761965491887256,-10.559092647273086,230.31205526781582,0,0,230.31205526781582
223,2,6.9140531789793087,19.797391690143257,230.34280436054473,0,0,230.34280436054473
224,1,-9.7013752252619554,14.297041365993138,230.30485919947193,0,0,230.30485919947193
224,2,5.8984628790658338,0.050248521710066107,230.33481468068337,0,0,230.33481468068337
225,1,14.467475079744279,10.757597869944542,230.29785204921558,0,0,230.29785204921558
225,2,0.16419321097158068,-9.3809730989048461,230.32702919071281,0,0,230.32702919071281
226,1,2.5110075953187216,7.6432430795590003,230.29103011810122,0,0,230.29103011810122
226,2,9.4611499336149727,4.0731990543606145,230.31944400033655,0,0,230.31944400033655
227,1,2.5797718869770758,13.481395341464641,230.28438975390543,0,0,230.28438975390543
227,2,-17.232827050731181,-35.623063657766465,230.31205526781582,0,0,230.31205526781582
228,1,19.518811980498445,29.125284275802983,230.27792735072728,0,0,230.27792735072728
228,2,16.383519154369562,-12.406083531474268,230.30485919947193,0,0,230.30485919947193
229,1,-9.014515722471522,-0.66201417895988479,230.27163934860985,0,0,230.27163934860985
229,2,34.908002826718089,-3.7080754204354314,230.29785204921558,0,0,230.29785204921558
230,1,-4.9103387409470205,1.7345925981739883,230.26552223318154,0,0,230.26552223318154
230,2,-11.765988030684197,3.9704529396076582,230.29103011810122,0,0,230.29103011810122
231,1,5.3375613365436436,19.122881510741081,230.25957253531527,0,0,230.25957253531527
231,2,-6.3878963738060488,4.7494225075222483,230.28438975390543,0,0,230.28438975390543
232,1,-20.76577045877864,-18.638174350737753,230.25378683080513,0,0,230.25378683080513
232,2,-7.5929088231980018,35.954398793210117,230.27792735072728,0,0,230.27792735072728
233,1,-8.2398148592641416,34.226440506115217,230.24816174005869,0,0,230.24816174005869
233,2,-13.590589918812853,-3.4988098524575904,230.27163934860985,0,0,230.27163934860985
234,1,-23.211307646002894,-22.017667956898958,230.24269392780397,0,0,230.24269392780397
234,2,-16.541715630330312,10.48600423503888,230.26552223318154,0,0,230.26552223318154
235,1,-18.637258715522115,13.088565495629506,230.23738010280988,0,0,230.23738010280988
235,2,1.6582823484949962,-37.226171442416806,230.25957253531527,0,0,230.25957253531527
236,1,-20.277397033198842,2.1654427843283695,230.23221701761915,0,0,230.23221701761915
236,2,-3.3310031988944964,1.2512356886903939,230.25378683080513,0,0,230.25378683080513
237,1,-25.37427190721629,-3.0215755530595398,230.22720146829241,0,0,230.22720146829241
237,2,-2.2064120016735611,5.6903036909778324,230.24816174005869,0,0,230.24816174005869
238,1,1.6996913942839722,-1.8484467115062806,230.22233029416265,0,0,230.22233029416265
238,2,18.516723556725303,14.432483242496922,230.24269392780397,0,0,230.24269392780397
239,1,-1.3281963981969955,-0.63851259976643426,230.21760037759884,0,0,230.21760037759884
239,2,7.0992546471848108,-0.35650240007350842,230.23738010280988,0,0,230.23738010280988
240,1,13.695135126112412,-1.9115434099004114,230.21300864377801,0,0,230.21300864377801
240,2,11.250697388283132,12.910857316168681,230.23221701761915,0,0,230.23221701761915
241,1,-2.7251336375862518,4.4399196510759467,230.20855206046451,0,0,230.20855206046451
241,2,-21.943306676002599,-17.564690328249693,230.22720146829241,0,0,230.22720146829241
242,1,-18.495569285074986,-17.435413102421222,230.20422763779573,0,0,230.20422763779573
242,2,5.7552083521266013,27.857748254106678,230.22233029416265,0,0,230.22233029416265
243,1,-19.344426487716788,19.802364616247367,230.2000324280736,0,0,230.2000324280736
243,2,1.8084040073651977,10.474389708160214,230.21760037759884,0,0,230.21760037759884
244,1,4.1728004513500343,24.450476010621877,230.19596352556067,0,0,230.19596352556067
244,2,11.646839139073013,-7.7575544484145285,230.21300864377801,0,0,230.21300864377801
245,1,-7.0383747076597967,-10.128929203281061,230.19201806628027,0,0,230.19201806628027
245,2,38.782946050360444,0.67201274670491795,230.20855206046451,0,0,230.20855206046451
246,1,2.3614792192610645,4.4802479713297654,230.18819322781985,0,0,230.18819322781985
246,2,5.0850820354128778,-21.760996147774804,230.20422763779573,0,0,230.20422763779573
247,1,17.861809002311208,-16.611203025002652,230.18448622913678,0,0,230.18448622913678
247,2,19.208494917415962,1.7844447056839075,230.2000324280736,0,0,230.2000324280736
248,1,-5.08661735685516,10.067864582476201,230.18089433036596,0,0,230.18089433036596
248,2,-36.547426017826929,-27.442977682247367,230.19596352556067,0,0,230.19596352556067
249,1,1.5110705870670209,-2.7735809511334724,230.17741483262873,0,0,230.17741483262873
249,2,9.6977105088339695,5.4265090516600543,230.19201806628027,0,0,230.19201806628027
250,1,-19.16882426554174,-10.636230119891254,230.17404507784198,0,0,230.17404507784198
250,2,-19.254371353548983,-28.091299501315255,230.18819322781985,0,0,230.18819322781985
251,1,-7.5218612602060775,7.810116091770718,230.17078244852743,0,0,230.17078244852743
251,2,-23.379505958037477,-0.41182091068511006,230.18448622913678,0,0,230.18448622913678
252,1,-14.903328097538305,1.8227660857488703,230.16762436762022,0,0,230.16762436762022
252,2,-14.622327368234744,-3.0575320447464414,230.18089433036596,0,0,230.18089433036596
253,1,1.0753109108876426,22.909373567813066,230.16456829827615,0,0,230.16456829827615
253,2,20.345919055748549,11.310861698982109,230.17741483262873,0,0,230.17741483262873
254,1,6.6959352375823142,1.3381992515981564,230.16161174367761,0,0,230.16161174367761
254,2,5.2871113658746278,-4.0882737334004933,230.17404507784198,0,0,230.17404507784198
255,1,-1.6707426808827384,-11.257954713468589,230.15875224683685,0,0,230.15875224683685
255,2,12.795083031863975,0.26542023284258587,230.17078244852743,0,0,230.17078244852743
256,1,-17.93511920838808,5.6747849386391174,230.15598739039729,0,0,230.15598739039729
256,2,-1.220095149356192,8.9007824985241371,230.16762436762022,0,0,230.16762436762022
257,1,14.31358368887533,11.961914474297267,230.15331479643112,0,0,230.15331479643112
257,2,-11.254838971566786,-8.7242880671422967,230.16456829827615,0,0,230.16456829827615
258,1,5.8084926686511427,-2.6316208286876077,230.15073212623432,0,0,230.15073212623432
258,2,8.581337475841309,-10.758701915527489,230.16161174367761,0,0,230.16161174367761
259,1,12.011902105063175,-0.85671058366635355,230.14823708011718,0,0,230.14823708011718
259,2,1.9208905554391054,3.2709318388652164,230.15875224683685,0,0,230.15875224683685
260,1,-9.6606038875160252,-20.809395046110232,230.14582739719137,0,0,230.14582739719137
260,2,2.9663830889444407,-16.520460205247556,230.15598739039729,0,0,230.15598739039729
261,1,4.1129083433832845,2.9391355586159262,230.1435008551523,0,0,230.1435008551523
261,2,-0.61530717426433146,7.9223128185499441,230.15331479643112,0,0,230.15331479643112
262,1,5.4993424539937932,11.581479315743731,230.14125527005706,0,0,230.14125527005706
262,2,-7.9155396677769421,0.20804368633564696,230.15073212623432,0,0,230.15073212623432
263,1,7.9507992933766634,18.06506893421912,230.1390884960974,0,0,230.1390884960974
263,2,-7.2494036994596165,16.006914641642133,230.14823708011718,0,0,230.14823708011718
264,1,6.887372997964972,1.8653305580500161,230.13699842536764,0,0,230.13699842536764
264,2,-12.297410423943425,-1.6876317665016147,230.14582739719137,0,0,230.14582739719137
265,1,27.440594027120529,12.423282928876306,230.13498298762738,0,0,230.13498298762738
265,2,7.7660077731036523,16.344506210174437,230.1435008551523,0,0,230.1435008551523
266,1,8.4298837409032306,-7.5678488935597041,230.13304015005869,0,0,230.13304015005869
266,2,17.746675584586232,1.2249338900232898,230.14125527005706,0,0,230.14125527005706
267,1,10.555962817152272,18.586642202842064,230.13116791701779,0,0,230.13116791701779
267,2,-16.54068812441032,2.1754433731875586,230.1390884960974,0,0,230.1390884960974
268,1,6.1477238257723954,7.732923360727705,230.12936432978088,0,0,230.12936432978088
268,2,-12.762053910368646,13.239337813002171,230.13699842536764,0,0,230.13699842536764
269,1,10.023318373072994,-2.9228201042833639,230.12762746628437,0,0,230.12762746628437
269,2,9.6784245843723049,1.9368919499879977,230.13498298762738,0,0,230.13498298762738
270,1,7.1266193383641916,2.5938163415591049,230.12595544085903,0,0,230.12595544085903
270,2,25.14905910490037,-0.44696046080067209,230.13304015005869,0,0,230.13304015005869
271,1,-8.8138658008326001,3.8321408899028722,230.12434640395838,0,0,230.12434640395838
271,2,-0.90261570060329355,-1.6009986648304704,230.13116791701779,0,0,230.13116791701779
272,1,13.41480992324886,-4.4505913140798654,230.12279854188085,0,0,230.12279854188085
272,2,10.575919069957456,-2.136581070983735,230.12936432978088,0,0,230.12936432978088
273,1,-0.24021724838863001,-20.722140844107248,230.12131007648625,0,0,230.12131007648625
273,2,-8.2008428552841561,-22.023067698195327,230.12762746628437,0,0,230.12762746628437
274,1,2.6102850966578721,-8.2316007796488826,230.11987926490593,0,0,230.11987926490593
274,2,3.9202543297246253,-5.5042077784120167,230.12595544085903,0,0,230.12595544085903
275,1,-20.240454544997959,33.73905093333407,230.1185043992472,0,0,230.1185043992472
275,2,-15.732650620255914,3.3928519311772174,230.12434640395838,0,0,230.12434640395838
276,1,-21.270420067705047,-4.0245253776439736,230.11718380629168,0,0,230.11718380629168
276,2,-8.5404748155211667,4.6269097392877843,230.12279854188085,0,0,230.12279854188085
277,1,4.2145763444071704,-0.14913824531351505,230.11591584718772,0,0,230.11591584718772
277,2,12.279031628107829,3.5482964995267041,230.12131007648625,0,0,230.12131007648625
278,1,-3.1710907683935008,16.175852818916624,230.11469891713719,0,0,230.11469891713719
278,2,8.2931165150960204,12.862252523198041,230.11987926490593,0,0,230.11987926490593
279,1,-5.008217557707825,3.0697241819180938,230.11353144507623,0,0,230.11353144507623
279,2,-24.38776298542513,-3.6873266453495992,230.1185043992472,0,0,230.1185043992472
280,1,2.5010579036734089,-12.330282378612303,230.11241189335055,0,0,230.11241189335055
280,2,-27.191968709569728,3.2121919533629679,230.11718380629168,0,0,230.11718380629168
281,1,-2.5225414780813584,6.9260178193239392,230.1113387573852,0,0,230.1113387573852
281,2,-2.3952865046256124,10.597260975410499,230.11591584718772,0,0,230.11591584718772
282,1,-1.5018441080651543,-2.6374403615686273,230.11031056534878,0,0,230.11031056534878
282,2,-14.909484701134996,5.0995703952817557,230.11469891713719,0,0,230.11469891713719
283,1,3.8066506457443627,11.290948743658102,230.10932587781247,0,0,230.10932587781247
283,2,-8.0672215692151958,-1.7282410324714883,230.11353144507623,0,0,230.11353144507623
284,1,33.208618409745178,-11.22660848375984,230.10838328740388,0,0,230.10838328740388
284,2,18.257770712945828,-12.694178213022024,230.11241189335055,0,0,230.11241189335055
285,1,29.047548895755902,-14.958564953100865,230.10748141845599,0,0,230.10748141845599
285,2,0.42230578199766855,-1.0715209077189556,230.1113387573852,0,0,230.1113387573852
286,1,28.404393971576809,16.664713081225344,230.10661892665109,0,0,230.10661892665109
286,2,28.019617953292599,-4.838110631594728,230.11031056534878,0,0,230.11031056534878
287,1,7.0151727224246265,-10.347706746847471,230.10579449866029,0,0,230.10579449866029
287,2,-12.855948757780702,7.7068974930153908,230.10932587781247,0,0,230.10932587781247
288,1,9.0236696965944034,0.43678512632177302,230.10500685177843,0,0,230.10500685177843
288,2,-13.501609125865993,34.655260038422995,230.10838328740388,0,0,230.10838328740388
289,1,-3.2093766831578989,-1.2122555616185506,230.10425473355471,0,0,230.10425473355471
289,2,6.738534533488715,-0.13587154633830867,230.10748141845599,0,0,230.10748141845599
290,1,8.1361200201956372,-15.801763665248437,230.10353692141942,0,0,230.10353692141942
290,2,-5.4394032172714626,13.166820874812599,230.10661892665109,0,0,230.10661892665109
291,1,21.207799382278083,21.952682060832519,230.10285222230647,0,0,230.10285222230647
291,2,22.551119186550022,38.326049495125638,230.10579449866029,0,0,230.10579449866029
292,1,-13.596805690343167,12.751586670576305,230.10219947227264,0,0,230.10219947227264
292,2,0.013425429637060837,22.903324601492226,230.10500685177843,0,0,230.10500685177843
293,1,-3.1784139602759902,-11.199558191415083,230.1015775361131,0,0,230.1015775361131
293,2,0.26888006833738221,6.2726986386997439,230.10425473355471,0,0,230.10425473355471
294,1,18.268678724003014,-8.5187145820690446,230.10098530697383,0,0,230.10098530697383
294,2,-31.346851335983796,-10.522066223304144,230.10353692141942,0,0,230.10353692141942
295,1,4.9065439304707503,-31.209580211558443,230.10042170596094,0,0,230.10042170596094
295,2,-12.41593343744986,3.9102833791194636,230.10285222230647,0,0,230.10285222230647
296,1,9.3924373867071154,4.1321559005390061,230.09988568174739,0,0,230.09988568174739
296,2,-7.1148816463472624,16.597196774436647,230.10219947227264,0,0,230.10219947227264
297,1,8.2937835756983986,-23.536274150611725,230.09937621017696,0,0,230.09937621017696
297,2,3.9900527015446912,7.2626384735542375,230.1015775361131,0,0,230.1015775361131
298,1,6.5645296291412052,-26.593292539410491,230.09889229386593,0,0,230.09889229386593
298,2,8.0033321138653477,3.6642346236304695,230.10098530697383,0,0,230.10098530697383
299,1,8.6504676143040946,0.4879900626959186,230.0984329618029,0,0,230.0984329618029
299,2,-6.8240418739417539,23.881956288490251,230.10042170596094,0,0,230.10042170596094
300,1,39.660821532619835,-10.122985199593238,230.09799726894633,0,0,230.09799726894633
300,2,6.9798717704941176,-20.485161030540461,230.09988568174739,0,0,230.09988568174739
301,1,-15.172922180146143,9.0272592174456925,230.09758429582095,0,0,230.09758429582095
301,2,5.3548661584127331,12.323217375328955,230.09937621017696,0,0,230.09937621017696
302,1,3.2265077015037189,-8.6803991108444514,230.09719314811238,0,0,230.09719314811238
302,2,-24.060174957504401,-12.045064447801401,230.09889229386593,0,0,230.09889229386593
303,1,-2.271478838123036,-3.7214904255025414,230.09682295626084,0,0,230.09682295626084
303,2,-6.3433201750586612,20.523695804752897,230.0984329618029,0,0,230.0984329618029
304,1,3.1067013613555581,-32.465548084632566,230.09647287505376,0,0,230.09647287505376
304,2,4.5843552032121817,-14.96696908863442,230.09799726894633,0,0,230.09799726894633
305,1,0.80675644540884406,-11.867355484073233,230.09614208321801,0,0,230.09614208321801
305,2,-30.883813415472464,-7.010700115105716,230.09758429582095,0,0,230.09758429582095
306,1,-15.805636113216069,-0.66436656014218887,230.09582978301125,0,0,230.09582978301125
306,2,10.654946631610789,-16.006417039778412,230.09719314811238,0,0,230.09719314811238
307,1,-10.447960375269364,-22.496367453845679,230.09553519981333,0,0,230.09553519981333
307,2,3.6083625928131209,18.183974084414285,230.09682295626084,0,0,230.09682295626084
308,1,7.8845699577740653,-38.110201850458459,230.09525758171776,0,0,230.09525758171776
308,2,3.1873650099690884,34.766915049301986,230.09647287505376,0,0,230.09647287505376
309,1,-12.891268465086551,-13.331459092081904,230.09499619912307,0,0,230.09499619912307
309,2,3.6348218167655748,16.440701626871387,230.09614208321801,0,0,230.09614208321801
310,1,13.419455964661754,4.6524159047211375,230.09475034432498,0,0,230.09475034432498
310,2,13.36369499797941,-6.8717395287911396,230.09582978301125,0,0,230.09582978301125
311,1,-10.212349177780784,6.6858605020642301,230.09451933110898,0,0,230.09451933110898
311,2,-7.4156893578605434,32.587407444130584,230.09553519981333,0,0,230.09553519981333
312,1,-3.6240651706463964,-0.42516327446384139,230.09430249434394,0,0,230.09430249434394
312,2,-19.761271306780337,3.2730298459429417,230.09525758171776,0,0,230.09525758171776
313,1,-15.104055176498781,0.15519350395379239,230.09409918957661,0,0,230.09409918957661
313,2,7.104716009026756,5.5883230512548758,230.09499619912307,0,0,230.09499619912307
314,1,-5.7900854322763369,-20.321745019386309,230.09390879262767,0,0,230.09390879262767
314,2,7.1313748492309674,12.030917423899091,230.09475034432498,0,0,230.09475034432498
315,1,17.001426908666257,-0.76066180600715494,230.09373069918902,0,0,230.09373069918902
315,2,5.3216208788094992,16.034786919289694,230.09451933110898,0,0,230.09451933110898
316,1,-7.8041125915195249,-23.676268818079727,230.09356432442294,0,0,230.09356432442294
316,2,15.416271282911358,-5.843880326505051,230.09430249434394,0,0,230.09430249434394
317,1,-2.6858385905881974,-9.0864188455778034,230.09340910256307,0,0,230.09340910256307
317,2,-0.68142607259979471,26.321367536747672,230.09409918957661,0,0,230.09409918957661
318,1,-12.092141712896744,19.324271248023908,230.09326448651734,0,0,230.09326448651734
318,2,10.209509683158396,14.592419112227473,230.09390879262767,0,0,230.09390879262767
319,1,3.8688819260427003,5.6556592582160912,230.09312994747341,0,0,230.09312994747341
319,2,23.953066556193939,26.564752514756488,230.09373069918902,0,0,230.09373069918902
320,1,15.25832900036476,-32.693833179618451,230.09300497450621,0,0,230.09300497450621
320,2,-9.1098966053001718,-5.2405825896873468,230.09356432442294,0,0,230.09356432442294
321,1,-17.063313229023056,0.89164934321173184,230.09288907418841,0,0,230.09288907418841
321,2,-1.5713156838704858,-18.713305340555223,230.09340910256307,0,0,230.09340910256307
322,1,22.773531573744464,-21.498043779267945,230.09278177020335,0,0,230.09278177020335
322,2,3.39632726147474,-5.7185418549321385,230.09326448651734,0,0,230.09326448651734
323,1,-6.5495902374763357,18.304339957723286,230.09268260296105,0,0,230.09268260296105
323,2,23.940751919331952,-1.1751746316307334,230.09312994747341,0,0,230.09312994747341
324,1,-31.941742837848352,10.893631866509477,230.09259112921734,0,0,230.09259112921734
324,2,-2.7267544361228353,9.1304014273130818,230.09300497450621,0,0,230.09300497450621
325,1,-21.721985376131389,1.885893773798605,230.09250692169618,0,0,230.09250692169618
325,2,-0.21678566970688529,3.2108359860059905,230.09288907418841,0,0,230.09288907418841
326,1,-18.564672658461365,-3.227000913716418,230.09242956871515,0,0,230.09242956871515
326,2,-2.2238672237560344,-6.2593844517523145,230.09278177020335,0,0,230.09278177020335
327,1,12.280780517543768,17.197703480905389,230.09235867381472,0,0,230.09235867381472
327,2,-27.219210816484964,-20.346918823539205,230.09268260296105,0,0,230.09268260296105
328,1,17.063534888718287,9.473304547620371,230.09229385539112,0,0,230.09229385539112
328,2,-14.063962465775973,16.841577402308101,230.09259112921734,0,0,230.09259112921734
329,1,-20.578056032814594,1.4775921833568662,230.09223474633276,0,0,230.09223474633276
329,2,-4.9917983259106329,21.316945630732942,230.09250692169618,0,0,230.09250692169618
330,1,7.2475345864656369,0.50925415953087427,230.09218099366078,0,0,230.09218099366078
330,2,-3.531772522108291,13.649192523560068,230.09242956871515,0,0,230.09242956871515
331,1,-19.459027677984416,-4.011547524266156,230.09213225817339,0,0,230.09213225817339
331,2,2.3366006617611994,4.764563042790158,230.09235867381472,0,0,230.09235867381472
332,1,19.051349217528241,2.2983870581790802,230.0920882140945,0,0,230.0920882140945
332,2,-2.826149415192635,-41.937177731335673,230.09229385539112,0,0,230.09229385539112
333,1,-4.560894097034403,3.5242905084538432,230.09204854872641,0,0,230.09204854872641
333,2,-16.073742820268663,32.095096933651178,230.09223474633276,0,0,230.09223474633276
334,1,-9.3642196455752487,9.5702343710529476,230.09201296210685,0,0,230.09201296210685
334,2,6.5828056636269103,-8.5667174730649176,230.09218099366078,0,0,230.09218099366078
335,1,13.172910010272805,-30.145530322049709,230.09198116667042,0,0,230.09198116667042
335,2,-10.470091518103285,18.916307662128045,230.09213225817339,0,0,230.09213225817339
336,1,-6.2889001499001758,-17.847975344294888,230.0919528869145,0,0,230.0919528869145
336,2,-15.431668476259173,-19.688110331276942,230.0920882140945,0,0,230.0920882140945
337,1,-0.0038732912213426118,-3.8348344343879965,230.09192785906967,0,0,230.09192785906967
337,2,7.269039788042944,14.612040238209431,230.09204854872641,0,0,230.09204854872641
338,1,7.7437246858451196,24.737379558163191,230.09190583077475,0,0,230.09190583077475
338,2,-21.968691080270954,-22.500856034479245,230.09201296210685,0,0,230.09201296210685
339,1,9.5154982116781071,8.7265147106543868,230.09188656075668,0,0,230.09188656075668
339,2,-31.879531394946731,-12.795654117322634,230.09198116667042,0,0,230.09198116667042
340,1,2.2725176686848023,-9.4895638863653566,230.09186981851491,0,0,230.09186981851491
340,2,31.786377496803315,-0.45448898068795274,230.0919528869145,0,0,230.0919528869145
341,1,10.356230092993542,20.769026035709462,230.09185538401078,0,0,230.09185538401078
341,2,-5.4315199044790248,0.27891609097008618,230.09192785906967,0,0,230.09192785906967
342,1,16.748563421700421,-0.7492465478894047,230.09184304736172,0,0,230.09184304736172
342,2,1.4551612685121107,7.7685097221387931,230.09190583077475,0,0,230.09190583077475
343,1,15.684101530133635,26.836718446395889,230.09183260854024,0,0,230.09183260854024
343,2,4.5879593947903956,-8.3767125411926902,230.09188656075668,0,0,230.09188656075668
344,1,5.4178396571973906,-15.387388990690962,230.09182387707807,0,0,230.09182387707807
344,2,-22.373587770834455,-8.5563601856348726,230.09186981851491,0,0,230.09186981851491
345,1,1.5048452810123116,0.56161030355965402,230.09181667177504,0,0,230.09181667177504
345,2,10.995413851542969,0.68468510162517782,230.09185538401078,0,0,230.09185538401078
346,1,6.7496463555842041,1.912692329448215,230.09181082041323,0,0,230.09181082041323
346,2,4.6110556431930725,-18.721451497650076,230.09184304736172,0,0,230.09184304736172
347,1,9.3062329739244838,-6.8369808859735048,230.09180615947585,0,0,230.09180615947585
347,2,-3.8965418624287729,-1.9747073817120857,230.09183260854024,0,0,230.09183260854024
348,1,-15.180401953218457,14.307697266757962,230.09180253387152,0,0,230.09180253387152
348,2,-0.11878639974311156,-9.8689654584012683,230.09182387707807,0,0,230.09182387707807
349,1,21.390652216308798,-31.105895499876503,230.09179979666334,0,0,230.09179979666334
349,2,-2.409970038461001,-0.72440191815085408,230.09181667177504,0,0,230.09181667177504
350,1,22.422702891331149,-28.812676065984164,230.09179780880308,0,0,230.09179780880308
350,2,-7.6737464662474828,17.719303459765786,230.09181082041323,0,0,230.09181082041323
351,1,-11.698711785668138,-21.430298749280563,230.09179643887069,0,0,230.09179643887069
351,2,-7.4770279679053928,-15.090164147802442,230.09180615947585,0,0,230.09180615947585
352,1,-5.9674105894487042,-11.879716851372434,230.09179556281856,0,0,230.09179556281856
352,2,20.831077158376576,16.185023987249899,230.09180253387152,0,0,230.09180253387152
353,1,-3.1703456765269955,-0.82214583857947154,230.09179506372126,0,0,230.09179506372126
353,2,15.330610174267461,0.39126656302493934,230.09179979666334,0,0,230.09179979666334
354,1,-14.608229277809606,-9.1175865731717582,230.09179483152991,0,0,230.09179483152991
354,2,-24.416987744036234,-0.68908715437767853,230.09179780880308,0,0,230.09179780880308
355,1,20.543326197846351,-21.569410150153093,230.09179476283202,0,0,230.09179476283202
355,2,25.588422214765529,-13.146515734135527,230.09179643887069,0,0,230.09179643887069
356,1,16.332823808233407,13.608834232701728,230.09179476061624,0,0,230.09179476061624
356,2,-3.4347901559509175,0.46261639240858965,230.09179556281856,0,0,230.09179556281856
357,1,-13.843530962484976,16.280311202562807,230.09179473404214,0,0,230.09179473404214
357,2,-10.540743973342469,15.821771754874952,230.09179506372126,0,0,230.09179506372126
358,1,24.497096969920761,20.150711057772948,230.09179459821505,0,0,230.09179459821505
358,2,7.7826404221600889,-15.607252738507874,230.09179483152991,0,0,230.09179483152991
359,1,-3.0897477183836983,-18.178641169764798,230.09179427396586,0,0,230.09179427396586
359,2,-7.7804979386168327,3.0908050467179269,230.09179476283202,0,0,230.09179476283202
360,1,8.0189322779315049,-29.723180325780326,230.09179368763594,0,0,230.09179368763594
360,2,-13.960168658861736,-0.73331174555163958,230.09179476061624,0,0,230.09179476061624
361,1,-15.956918524831373,8.5887585145625671,230.09179277086685,0,0,230.09179277086685
361,2,20.548925042240523,3.3634562599634417,230.09179473404214,0,0,230.09179473404214
362,1,16.058988926036179,19.700126688946288,230.09179146039503,0,0,230.09179146039503
362,2,-11.508308147007678,23.284543806422686,230.09179459821505,0,0,230.09179459821505
363,1,-24.617677761639204,-14.4377290267735,230.0917896978514,0,0,230.0917896978514
363,2,15.962123015476724,-21.859078527477173,230.09179427396586,0,0,230.09179427396586
364,1,15.626699394655219,-1.3243806157871116,230.09178742956576,0,0,230.09178742956576
364,2,-3.0673954282473304,-22.465152076344989,230.09179368763594,0,0,230.09179368763594
365,1,-9.0561667949129614,18.179969334034332,230.09178460637602,0,0,230.09178460637602
365,2,-17.378364483177347,16.44552115934518,230.09179277086685,0,0,230.09179277086685
366,1,-8.2614702954587571,-19.335822496697052,230.09178118344232,0,0,230.09178118344232
366,2,-0.11413827523301734,3.4787594092691161,230.09179146039503,0,0,230.09179146039503
367,1,3.5666020325338508,18.482277973133773,230.09177712006553,0,0,230.09177712006553
367,2,-17.640490942055258,16.972435699872705,230.0917896978514,0,0,230.0917896978514
368,1,20.91235365920685,0.71684411241682355,230.09177237951076,0,0,230.09177237951076
368,2,23.877511319345668,17.344373831213421,230.09178742956576,0,0,230.09178742956576
369,1,-2.3949978789120294,12.542584871014842,230.0917669288354,0,0,230.0917669288354
369,2,-4.9782257751852086,-6.2693941972462408,230.09178460637602,0,0,230.09178460637602
370,1,-9.6496198597787242,-17.797358983045292,230.0917607387216,0,0,230.0917607387216
370,2,15.612373870377237,5.746468743697843,230.09178118344232,0,0,230.09178118344232
371,1,-14.330936024483805,25.602543646237777,230.09175378331352,0,0,230.09175378331352
371,2,-16.56416968211537,-3.3094617267454383,230.09177712006553,0,0,230.09177712006553
372,1,-10.096090767893717,9.2169449923303191,230.09174604005875,0,0,230.09174604005875
372,2,-5.0697769066920841,-11.191659815874395,230.09177237951076,0,0,230.09177237951076
373,1,9.5485822339253019,-9.731330714359272,230.09173748955436,0,0,230.09173748955436
373,2,-0.92978418802442775,26.491524954168568,230.0917669288354,0,0,230.0917669288354
374,1,-13.144235804394501,7.3784392391355764,230.09172811539725,0,0,230.09172811539725
374,2,10.572574957560281,-0.48452059479058707,230.0917607387216,0,0,230.0917607387216
375,1,24.237798813270729,8.7885161117941806,230.09171790403866,0,0,230.09171790403866
375,2,0.22443930474059925,1.2219075117822531,230.09175378331352,0,0,230.09175378331352
376,1,-10.099103529376446,4.9182582913824655,230.09170684464317,0,0,230.09170684464317
376,2,3.4889080877525096,-5.219448048548438,230.09174604005875,0,0,230.09174604005875
377,1,-2.6705498323397308,9.5964774901331893,230.09169492895168,0,0,230.09169492895168
377,2,12.854039210964793,12.480380407065059,230.09173748955436,0,0,230.09173748955436
378,1,-4.681704911122921,5.3784526103516379,230.09168215114846,0,0,230.09168215114846
378,2,-25.550647394199238,-3.5371830873494154,230.09172811539725,0,0,230.09172811539725
379,1,17.147122460018352,-21.372973442087829,230.09166850773244,0,0,230.09166850773244
379,2,-17.235490064870881,2.8196559186882673,230.09171790403866,0,0,230.09171790403866
380,1,-8.6435000269778861,0.77914081107453947,230.09165399739226,0,0,230.09165399739226
380,2,-5.7008986620745077,2.876478900510878,230.09170684464317,0,0,230.09170684464317
381,1,-11.712654977943782,-10.069059305115406,230.09163862088545,0,0,230.09163862088545
381,2,16.042275682875903,-32.045949153884415,230.09169492895168,0,0,230.09169492895168
382,1,-18.532316524556741,-14.353365570743771,230.09162238092131,0,0,230.09162238092131
382,2,13.037155200034881,14.190099541747005,230.09168215114846,0,0,230.09168215114846
383,1,-1.4702352158117549,23.055206036084812,230.09160528204757,0,0,230.09160528204757
383,2,-6.1061553238070587,-0.1322450984449936,230.09166850773244,0,0,230.09166850773244
384,1,9.2227569401156728,9.782835407935405,230.0915873305409,0,0,230.0915873305409
384,2,-5.818142125260664,17.319596970465646,230.09165399739226,0,0,230.09165399739226
385,1,12.49554954155024,-3.9525770793016974,230.09156853430096,0,0,230.09156853430096
385,2,25.353754128148168,-5.0018793513496478,230.09163862088545,0,0,230.09163862088545
386,1,13.043750839897882,-9.7052020374414614,230.09154890274795,0,0,230.09154890274795
386,2,30.97607238678874,-31.402927824914755,230.09162238092131,0,0,230.09162238092131
387,1,-19.026738565980921,-12.838807172204412,230.09152844672394,0,0,230.09152844672394
387,2,42.542181526494922,-11.673045429329033,230.09160528204757,0,0,230.09160528204757
388,1,-5.9436380653603536,21.88028376521218,230.09150717839736,0,0,230.09150717839736
388,2,-4.5020189192840903,7.8013488994136679,230.0915873305409,0,0,230.0915873305409
389,1,4.360482158763368,-8.1136792782282416,230.09148511117107,0,0,230.09148511117107
389,2,-8.4254367540845294,-7.9386516674820449,230.09156853430096,0,0,230.09156853430096
390,1,10.668976958967264,-4.0815209836238928,230.09146225959358,0,0,230.09146225959358
390,2,-7.3484466200461895,-15.071208461722655,230.09154890274795,0,0,230.09154890274795
391,1,-19.914253509311759,6.7278446513396455,230.09143863927363,0,0,230.09143863927363
391,2,-1.7348487919408626,24.504629660023078,230.09152844672394,0,0,230.09152844672394
392,1,9.6658595003581169,-10.199457231605873,230.0914142667979,0,0,230.0914142667979
392,2,3.6468198403626033,-30.263841902010082,230.09150717839736,0,0,230.09150717839736
393,1,-2.703496238552205,-4.8388640911893805,230.09138915965178,0,0,230.09138915965178
393,2,-27.056290107370302,-16.804905199325407,230.09148511117107,0,0,230.09148511117107
394,1,-2.2072344346191315,10.996370762694154,230.09136333614327,0,0,230.09136333614327
394,2,-17.197468606073954,16.701519089909134,230.09146225959358,0,0,230.09146225959358
395,1,-14.911698652940366,6.5977748003409271,230.09133681532975,0,0,230.09133681532975
395,2,9.0132987295615763,-16.673005036899561,230.09143863927363,0,0,230.09143863927363
396,1,-19.262988906327461,14.519061313978403,230.09130961694768,0,0,230.09130961694768
396,2,-17.808756817339045,-26.474015483929861,230.0914142667979,0,0,230.0914142667979
397,1,-6.7106844129327143,16.439530839077452,230.09128176134516,0,0,230.09128176134516
397,2,-5.8732402542045179,18.06882412448898,230.09138915965178,0,0,230.09138915965178
398,1,-11.415428406865509,-7.696291340471233,230.09125326941719,0,0,230.09125326941719
398,2,16.922994196395578,17.007723892156246,230.09136333614327,0,0,230.09136333614327
399,1,3.676303292251589,-10.779225731327882,230.09122416254377,0,0,230.09122416254377
399,2,-0.14657140784742495,-8.0084922824479925,230.09133681532975,0,0,230.09133681532975
