step,track_id,confirmed,x,y,vx,vy,misses,maha2,hits_window
5,1,0,-92.403020018622385,1.1714825688344439,0,0,0,0,2
6,1,0,-86.091283207302141,-7.678968431520909,2.20497740061893,-3.0918659989225272,0,1.023025872970093,2
7,1,0,-88.885029862099458,-13.291478705353265,-0.63976400794479771,-8.4384177712553097,0,0.8981153991955616,2
8,1,1,-81.113081311860299,-12.390738645650176,12.690879339225443,-6.1790553579035814,0,2.4156529428594742,3
9,1,1,-75.373023314267741,-6.0606585836400955,24.529833651181995,9.2159089644468004,0,3.4009822203773221,4
9,2,0,65.418014936270225,8.9283005322337345,0,0,0,0,2
10,1,1,-81.603011373742845,-1.7307903828749613,4.4223181711765065,19.649443682774592,0,3.7144709590721443,5
10,2,0,66.385149952244547,2.7444694889815304,0.337864349753286,-2.1602940850071302,0,0.33915261889465748,2
11,1,1,-79.057679673520838,-1.52519174419005,11.051715712282281,17.433554955723025,0,0.32124365411277694,5
11,2,0,69.684573791567161,2.8209890137536111,3.5534170959527103,-1.9795251554033026,0,0.25398386451345928,2
12,1,1,-76.030752451866036,-1.6367614077207113,18.11232128538672,14.62782974295985,0,0.37920817739987789,5
12,2,1,69.245410915945797,-5.0760016500968899,2.4997449907745466,-15.300051985028805,0,2.3593071849746203,3
13,1,1,-74.992988259979782,1.8686038340897162,18.47792212088947,22.302301872502859,0,0.41617665072710119,5
13,2,1,73.281785708957599,-5.5613082738842348,11.569691355765315,-14.651477158891641,0,0.74558403681692709,4
14,1,1,-70.216274782574786,7.4521672340256284,28.639316108344048,34.087356645800867,0,1.928651015880924,5
14,2,1,72.047359186880911,-11.056077523617112,6.6809048151358263,-27.493450968515489,0,1.3667057137276672,5
15,1,1,-70.683366219918014,10.134703848556281,23.905058793091882,36.525883831080712,0,0.26430216423928365,5
15,2,1,67.971228715906165,-9.9472937770972258,-5.8983092681984983,-20.409849215953976,0,1.370302007415789,5
16,1,1,-68.70915250470685,13.314928129383041,25.733861940741154,39.704569699043496,0,0.14998831295753642,5
16,2,1,68.897692315348493,-6.7298070392225728,-2.4130684310055401,-8.3166517643009712,0,1.0405275304740385,5
17,1,1,-69.765472681249264,8.4616342363207266,20.558399630060446,24.599015143609549,0,3.4480669281332199,5
17,2,1,65.355279918235084,-7.7080273124648038,-11.879702297975399,-9.8725527916574976,0,0.64887837355014399,5
18,1,1,-69.986658105728253,7.0918521351977724,17.960942917051916,19.19299133449768,0,0.5938096752243589,5
18,2,1,60.034573694737048,-5.1569276930832677,-24.345923980404798,-1.8424100985054412,0,1.7514177813617255,5
19,1,1,-68.428825237826317,5.1826230088037999,19.254374386378164,13.56889572382905,0,0.67243242653530189,5
19,2,1,59.757268483915496,-3.0261201903204378,-22.002572178285309,3.6992412770891931,0,0.33738319538212602,5
20,1,1,-67.134288279814896,5.189270051427469,19.868754725854892,12.325023996406161,0,0.047484606143747346,5
20,2,1,60.148174731200228,-3.0067099661262455,-18.501998948107996,3.3105673733826833,0,0.13835060472642027,5
21,1,1,-65.681561497282942,10.505057796586334,20.673597307175601,20.560332796240537,0,2.0578134223637092,5
21,2,1,71.196172540210938,2.7989893820115666,7.9452759688454364,15.769093605050291,0,11.558415561826887,5
22,1,1,-64.470566070791904,9.5426885487181465,20.968295007805487,17.252320004131398,0,0.40211477340847701,5
22,2,1,75.56021698870218,1.3749569235119434,16.194012207723283,11.168329295269107,0,1.4726221150341883,5
23,1,1,-63.988649829808715,8.1681276200861159,20.073461358684277,13.71850453644786,0,0.58470999396150547,5
23,2,1,76.648271000215146,4.9112118074277795,16.739690958535181,17.006027495128642,0,0.69409886747016092,5
24,1,1,-62.07803438652455,9.2005256757912655,21.437784983279979,14.23970751314509,0,0.11266196939745854,5
24,2,1,76.176969499811094,6.0676832533051073,14.317324937687838,17.572918793732583,0,0.15269696748366993,5
25,1,1,-60.031920952768743,11.640875006617581,22.83618993742223,16.720607449417979,0,0.51133385134246123,5
25,2,1,75.300422347045341,2.7056258079563813,11.52683358676502,10.141653696132797,0,1.8937866528612117,5
26,1,1,-64.363703392050596,10.008300373779933,15.325465389744044,13.333250038020699,0,5.0801435098484529,5
26,2,1,79.758179225480134,5.8922153796431296,17.977728968194235,14.594982627576695,0,2.2401522297061964,5
27,1,1,-64.859648770605745,12.406308163698721,13.666895490354966,15.608257767156244,0,0.70018894920340158,5
27,2,1,84.669946156781236,5.7713940812209099,24.316422585854927,13.251432681911199,0,1.8473427291297049,5
28,1,1,-66.359790043263203,11.16267106818162,10.914888021063597,13.057199251783979,0,1.4603923070795954,5
28,2,1,84.934589549849775,2.9444317764039147,22.885555209943185,8.0020874962814172,0,1.5635648135808422,5
29,1,1,-68.301411472224856,10.683015988451364,7.9032242369165218,11.685967687533157,0,1.3264161765540619,5
29,2,1,82.258940941310655,5.9146741613088665,17.402418942742869,11.691272986627578,0,2.75355573902816,5
30,1,1,-67.339455718037769,12.598772330143278,8.563442186798909,13.236886719502252,0,0.39995769630361849,5
30,2,1,83.64914392942751,2.9850732158561195,18.116062377905173,6.8692251258260857,0,1.7781715957201389,5
31,1,1,-67.814236703942186,10.947312040268431,7.5502054236532761,10.64104281176113,0,1.2642440149661855,5
31,2,1,82.100779610723578,3.4118342977648481,14.891257985753382,6.9786820599378565,0,0.91968649654080226,5
32,1,1,-67.943746009754179,6.9396389870093795,7.0014126920285298,5.7272913453491361,0,4.5824252431394541,5
32,2,1,82.670918837943404,6.4237600302598707,14.671419050225062,10.335045552399958,0,1.1733281734796581,5
33,1,1,-68.743370217383401,6.0645900226505525,5.7996327840937001,4.5132618517453924,0,0.62705273709682507,5
33,2,1,78.872531384478279,6.8177628560338537,9.184194437809067,10.18642242901873,0,3.6498414376420509,5
34,1,1,-68.837387815891972,7.2953059076258935,5.4115523181742597,5.5289965658722267,0,0.29003540497470831,5
34,2,1,77.851879742344039,3.0461964355484916,7.4604110156351009,5.1999262906833827,0,3.9185218716818007,5
35,1,1,-69.653754119735027,6.1519047428595126,4.3483652163726223,4.1401785828373852,0,0.85335575168002209,5
35,2,1,75.970534156967531,2.5123603043910006,4.9307041473863187,4.3091378078830269,0,1.1710938373360062,5
36,1,1,-71.046038866112582,6.1721828658019087,2.822924263984111,3.963222450199384,0,0.74525984947147061,5
36,2,1,76.538689506747161,4.9128238973737322,5.2788224538728503,6.6741664011371826,0,1.0711914681504733,5
37,1,1,-72.393774606604353,5.8203366249761945,1.4546638168669705,3.4577738355460848,0,0.75901112196676157,5
37,2,1,73.253980300070879,5.3305864366750599,1.5694062597036997,6.7620285608639863,0,2.9583685594079734,5
38,1,1,-71.519685598506513,8.0067207889756027,2.1694599330789432,5.2537784474370977,0,1.4996949034175493,5
38,2,1,72.889537463883926,4.8643136346201059,1.1217857323397329,5.94910526484645,0,0.21126277396943494,5
39,1,1,-71.745851666516259,4.8682509266160441,1.8794916845256711,2.3066387975839455,0,3.9472395656108064,5
39,2,1,71.2323478097059,-1.0314509772302616,-0.55404688288628434,-0.10875233954943653,0,11.020173339528066,5
40,1,1,-70.71859286713277,5.3316492418341985,2.6657302068445592,2.5998647925926561,0,0.35434150432223721,5
40,2,1,72.161582396238984,-2.7365567553691479,0.35279790548923562,-1.7194490997068146,0,1.0797420402397928,5
41,1,1,-69.853053047898172,7.1370777806039527,3.2659359428749664,3.9731680807851575,0,1.260041339763843,5
41,2,1,69.84862432822338,-5.4934813462781928,-1.7889870784688824,-4.1740145235590598,0,3.7858015510923044,5
42,1,1,-67.128321408994239,5.5012516400418079,5.3101945761672935,2.5090820900731368,0,3.9427270271918382,5
42,2,1,69.797279898937404,-5.7914140054291723,-1.7549981168204569,-4.2536079298311087,0,0.0030063042668873538,5
43,1,1,-66.152297918352417,5.9299835302978146,5.8627028291577892,2.7449163392852345,0,0.24951023206966122,5
43,2,1,69.506307956587122,-2.0297512023157385,-1.9310921363672848,-0.80979799121188956,0,5.3520536606467131,5
44,1,1,-68.684247641495418,5.9668168920698692,3.7208121380546326,2.6687867667750704,0,3.5122024792040278,5
44,2,1,68.664263738730099,-2.4898884805486614,-2.5591244556414217,-1.1633268836369606,0,0.26137456665489034,5
45,1,1,-69.952749241741415,4.820774487975342,2.6449312550605031,1.7223928154284112,0,1.7319115536285337,5
45,2,1,68.721108123752543,-0.28281216991755542,-2.4076490256512706,0.69342353101952892,0,1.9468055157136765,5
46,1,1,-69.910805263605766,6.3525060297684641,2.5797278497092599,2.7662036782323849,0,1.0155185371150852,5
46,2,1,66.11354274173334,-3.4746838948573702,-4.3926478613982312,-1.8816519987284743,0,6.59220564225126,5
47,1,1,-69.285169443013217,5.4292635186242792,2.9299962213980502,2.017530040620013,0,0.69661185874331033,5
47,2,1,66.39929515204004,-0.86255588881358225,-3.9996515680104512,0.22274593759883343,0,3.1685867696766388,5
48,1,1,-69.756819401102319,2.8557052750089351,2.5039433770796191,0.17420567624002214,0,3.9995855614073457,5
48,2,1,64.629961365068922,-0.68656122104288941,-5.1894844069555219,0.34773562286286297,0,1.0943966894745711,5
49,1,1,-68.996014486136886,2.8377786369465321,2.9323000478673507,0.15625419084048456,0,0.22462701019155418,5
49,2,1,63.514146738347584,0.04036630578161815,-5.8228935084753477,0.87256145482025615,0,0.57077117757926998,5
50,1,1,-69.262125087310935,2.2109447204487571,2.6601911396072366,-0.26216666565588087,0,0.33229646699439069,5
50,2,1,64.128709170349978,0.53672479839734866,-5.1689234376824675,1.1994575808503782,0,0.49628528913073688,5
51,1,1,-68.359915400953966,1.494633979521458,3.1565494106294434,-0.71593717076481411,0,0.65726094710231109,5
51,2,1,62.764559371698098,0.011507163985886693,-5.9487350854969847,0.78674447443147122,0,0.79371961894792831,5
52,1,1,-67.838440635783087,-0.11278549277093042,3.3863293605049929,-1.7090075736941195,0,1.6419855257627869,5
52,2,1,63.662188775716132,0.9081037984006759,-5.1250490448436041,1.3776009763136812,0,1.1482074851024531,5
53,1,1,-68.406064305323198,1.8469616365073991,2.9301523986623104,-0.44299974213118665,0,3.10684436748602,5
53,2,1,64.73668190077457,2.4050293494559782,-4.228216448568042,2.3400071471244108,0,2.1147988397133002,5
54,1,1,-66.847295460251431,2.1892689530880278,3.7869371840672943,-0.22189229602237565,0,1.4558655697607825,5
54,2,1,64.480161459693946,0.94513482332989196,-4.2579571018674445,1.3003644850833365,0,1.4429186238954015,5
55,1,1,-66.367212710584496,1.9153257358881508,3.9598751160624075,-0.37824208019992467,0,0.1093562601451567,5
55,2,1,63.735769090101222,0.3259740717430798,-4.6009259706954966,0.8588696379706644,0,0.45419698147219134,5
56,1,1,-66.388772856734406,1.6286513586027729,3.83177765118934,-0.53446644282848066,0,0.088717929864387535,5
56,2,1,64.104902292898871,0.3043239429461897,-4.2223189033195521,0.8180544941577762,0,0.22916825502362337,5
57,1,1,-65.509844429884907,2.0758358166322983,4.2252780932087273,-0.26315523641983551,0,0.53567962426747662,5
57,2,1,63.693057660064134,1.8026566328753966,-4.3465729617264079,1.7202254300897153,0,1.4228858585059181,5
58,1,1,-66.721987455470568,0.81922995916832364,3.4253729419196626,-0.96192978636068338,0,2.8494367906991331,5
58,2,1,61.16783285218343,1.8323880531114185,-5.7467178363492275,1.686081803235596,0,3.6473800959008664,5
59,1,1,-65.124141524845456,1.0214560850322856,4.2125923994488605,-0.8237957815604886,0,1.7355656716091978,5
59,2,1,60.395345341879363,3.0410721846611968,-6.0352997430115822,2.3548948583564391,0,1.0675328914329409,5
60,1,1,-65.3062502616893,0.40964368780904115,3.9997072448269195,-1.1331036962508743,0,0.41149563544287326,5
60,2,1,59.179408389350201,3.9705868538776348,-6.5686681331032073,2.8285173660597707,0,1.1059581048167715,5
61,1,1,-66.728425189128544,-2.7830031836483293,3.135688902591558,-2.8034406879745823,0,11.073300193038797,5
61,2,1,58.825333452303539,2.3205709106372412,-6.5833478552680837,1.8029207005536705,0,2.4669004724557939,5
62,1,1,-67.962394878141552,-2.4883567953339596,2.4075609541617946,-2.575791933750498,0,1.9524929026463327,5
62,2,1,58.743306759229696,0.7830916674840922,-6.4444633840925194,0.88825194580758504,0,2.1618486696837187,5
63,1,1,-65.851643798385496,-2.0191544343404946,3.4321663286902897,-2.2679572897419202,0,4.1091953132119867,5
63,2,1,58.205163542215814,0.8509032900362411,-6.5636132295783414,0.9011640874671758,0,0.039024446170240909,5
64,1,1,-65.028194459060657,-0.96795475200035397,3.7622022401349633,-1.6783058266764721,0,1.7521953382440763,5
64,2,1,58.026835300092714,1.420012358132706,-6.4823852188394806,1.1852276305797853,0,0.25476355554994229,5
65,1,1,-63.92681851749682,0.25633007817442621,4.2171303008689183,-1.0266478700676467,0,2.5876810887236501,5
65,2,1,59.70215704307531,0.87028941994846309,-5.4174141968028877,0.86086164423847156,0,3.8806112669909618,5
66,1,1,-61.432301937955224,1.2595377405741313,5.3366401825944543,-0.50968475825777071,0,6.6434415353423173,5
66,2,1,59.438788337640645,0.94859453344158062,-5.4134865298323058,0.87932304576439335,0,0.0011951585629629265,5
67,1,1,-59.78691147679671,2.6600920742611009,6.0019042312119115,0.1784922227262481,0,4.2640940312005258,5
67,2,1,58.022916671105747,2.1163432520242051,-6.0030118753886414,1.4578244817700461,0,2.449207328647256,5
68,1,1,-59.450103106898311,1.3704080381180781,6.0193496385795004,-0.43858236002723072,0,1.8874636449168929,5
68,2,1,57.608286668208514,3.6894280036278513,-6.0609743460008945,2.2173927212795235,0,2.2268445934636967,5
69,1,1,-59.25188643978435,0.52702276973189854,5.9712601591283709,-0.82304061211070056,0,0.79041086096114521,5
69,2,1,58.551521265109599,3.471285047353347,-5.4401592088249275,2.0535006147915507,0,1.6890418349883172,5
70,1,1,-59.100890672794357,0.41363946063280782,5.9032189354097353,-0.85634546044476512,0,0.032088991973167738,5
70,2,1,59.698062633468631,2.1687473314493904,-4.7447492325349483,1.364628579828751,0,4.1862034425374013,5
71,1,1,-56.755852751126987,0.62409263201927834,6.8346192290178607,-0.74126725371657931,0,5.2249707878530813,5
71,2,1,59.823809281505511,3.8655246410258695,-4.5695805423548217,2.1505314367463177,0,3.0175049877805948,5
72,1,1,-56.404832322869296,0.62606692125163266,6.8387796004630825,-0.72378388941734739,0,0.0020309003550204163,5
72,2,1,60.268976007253478,3.6409025674861435,-4.2494766582907859,1.9927006020390516,0,0.63088115594826999,5
73,1,1,-56.336323797215186,1.475322771280005,6.7180469635808908,-0.33281750901416329,0,1.1149048005255486,5
73,2,1,60.116800023017312,3.2460083299316542,-4.2212560338588894,1.7612508067477899,0,0.28624299352003019,5
74,1,1,-56.056182196454607,1.4445903976044927,6.693767217892213,-0.33895333052141596,0,0.0044184388749795812,5
74,2,1,59.785915270521208,2.3665307193759215,-4.2765042861648066,1.3151313602328252,0,1.1299151430228414,5
75,1,1,-56.243583135688759,1.3088391246963067,6.4695355270851005,-0.38997819068705086,0,0.39384410060483949,5
75,2,1,60.012289272334115,2.4110245367364667,-4.0764914638529088,1.3054702281542314,0,0.23788070987632895,5
76,1,1,-57.01587961424665,1.9286314458131324,6.0052274837755073,-0.1190936266789358,0,2.2729045707921385,5
76,2,1,58.718085719826689,2.4882294510269283,-4.564827518478813,1.3108138144856332,0,1.4997089282457237,5
77,1,1,-57.620526111048228,1.5811232689413774,5.626856603021742,-0.26190805130067163,0,1.357672096314996,5
77,2,1,57.720463011067785,3.2503676331214777,-4.9045462132944584,1.618394958556518,0,1.3984660293608975,5
78,1,1,-56.142252914087344,2.5120585464801271,6.1208288248967033,0.12769266859074785,0,3.4642336281780306,5
78,2,1,56.941176286931587,3.9226615752908103,-5.1370902042209154,1.8758953635506568,0,0.84812559539460652,5
79,1,1,-57.168239633145639,3.0368895926251094,5.5781312623609498,0.33891913727294803,0,3.1273750581972153,5
79,2,1,57.273009707082394,4.3840713019369408,-4.8842551241872449,2.033782000344535,0,0.66173015567220195,5
80,1,1,-56.387014883879957,1.5547403893389125,5.7802110357158929,-0.26415839118336487,0,3.9273040781139397,5
80,2,1,56.894730323140628,4.9554154801992816,-4.9410626921001324,2.2327872502289061,0,0.33689367424625571,5
81,1,1,-55.398812318777146,0.28774827536561443,6.058007528845117,-0.76230031173641932,0,3.3222885353086555,5
81,2,1,55.97475774006039,4.3458897404189427,-5.2224318044245255,1.9312450892303645,0,1.4119237770991631,5
82,1,1,-54.343292811384025,-0.32170606760431142,6.3533848067482657,-0.98653146444206863,0,1.47635913320098,5
82,2,1,56.174041223871122,4.7260938543196591,-5.0324229921422861,2.0483038617447318,0,0.43593019400695077,5
83,1,1,-54.876006534802372,0.3146545264941274,6.0236449393991833,-0.72065314228393351,0,2.0231371153631263,5
83,2,1,57.364663927686237,5.9242483896798461,-4.4448211326918852,2.4947321640493429,0,5.0218240919389059,5
84,1,1,-53.826177200591793,0.25256443276150453,6.3105056800220893,-0.73063762722282122,0,0.97513119438257756,5
84,2,1,57.44072373294032,5.4169546866478973,-4.324816378286414,2.2404699343116214,0,0.76742970713576564,5
85,1,1,-53.04446375002351,0.080459499591221784,6.4870577410282166,-0.78198106197803441,0,0.41969335766773291,5
85,2,1,57.611499568095006,4.8265609897496331,-4.1710505067729029,1.961392042426255,0,1.0368577263229806,5
86,1,1,-52.377442591792452,-0.81165974938098862,6.6153445747160458,-1.1013314927128017,0,1.541230560045312,5
86,2,1,57.513898569433884,3.9024805740230013,-4.1275058258294353,1.5602331062999157,0,1.7479260541787345,5
87,1,1,-51.831801933591017,-0.14615686676929784,6.6948808531150359,-0.83460976215746918,0,1.0558763236625606,5
87,2,1,57.816505721712538,4.0603559775283422,-3.9301455651245543,1.5912006384080124,0,0.45002606589999733,5
88,1,1,-50.320895307944269,-0.67442236591840365,7.1254081290143372,-1.0127029917520904,0,3.0970587102197591,5
88,2,1,57.19175788358087,4.1954667912778909,-4.0942354363927684,1.6124861528904444,0,0.32404520028859085,5
89,1,1,-50.089571215013883,-0.20833573102917968,7.0801722877880682,-0.8256278877159533,0,0.5528698080916653,5
89,2,1,56.438643010439883,1.980911535039688,-4.3019234575482432,0.74326914687653034,0,9.9150988386414269,5
90,1,1,-48.646881317183173,-1.3622421357773591,7.4700782189180712,-1.2241091487261315,0,4.8495149890794664,5
90,2,1,56.400948494283845,2.4248311513165168,-4.2355085054039616,0.89554895828977177,0,0.35914643550175396,5
91,1,1,-48.930120316766342,-1.2981896702850373,7.2373617408865272,-1.1797240747464002,0,0.91491521157615308,5
91,2,1,55.7070063938475,2.013376406357799,-4.4139844714929364,0.72667274685131278,0,0.82288804801999293,5
92,1,1,-49.249851995925368,-1.5832258557244479,6.9983575464296521,-1.2589889108901096,0,1.0791468815188152,5
92,2,1,55.003910083222266,2.0525537967088754,-4.590563038770175,0.72771368562439553,0,0.44487585276241093,5
93,1,1,-49.117726428529132,-1.4411250853415611,6.9227728962747426,-1.1878263944524063,0,0.19139518175159395,5
93,2,1,54.041330841026536,2.9768181724984184,-4.8559584857852842,1.0491632617315112,0,2.5934241681220493,5
94,1,1,-49.815459298096869,-1.9204149044923662,6.5641626472353316,-1.3320777734551563,0,2.7670827949718992,5
94,2,1,53.872103924383723,3.3029965930455973,-4.8296093855693929,1.1471948468038322,0,0.16077677947350513,5
95,1,1,-49.794430077878239,-2.0424400462160874,6.4596857510282746,-1.3509275065383068,0,0.21754771036833015,5
95,2,1,54.006584895823202,3.7739671319246195,-4.6963876621874636,1.2937575980770755,0,0.63945888129736994,5
96,1,1,-50.032270726385534,-2.3472044073127458,6.2708096197408345,-1.4308184181993704,0,0.84556016131533362,5
96,2,1,52.558554777076999,3.907145097664221,-5.1218022074307257,1.3177737709179729,0,3.0899917845609854,5
97,1,1,-48.950780567501724,-2.7276174298256168,6.5269453724869706,-1.5338371322159101,0,1.5952405336000022,5
97,2,1,51.95705649596168,3.7351856019168048,-5.2416758418821781,1.2352287453109563,0,0.376203120026667,5
98,1,1,-48.795958191090264,-2.863780366021984,6.4702799435483014,-1.5534841594822473,0,0.078327924689714293,5
98,2,1,51.445032545480721,2.6773153347020822,-5.3275399556253022,0.85059194006773775,0,2.8765059269584645,5
99,1,1,-48.544392049545721,-2.0480033603913226,6.4467333802235105,-1.2610820386170172,0,1.9485800763326051,5
99,2,1,51.524944398892288,3.4415829425188775,-5.2097610882176442,1.0960676034795045,0,1.4308603873978123,5
100,1,1,-48.567260641365884,-1.1172351608768218,6.3347973280955996,-0.93882581148837629,0,2.7387766427323981,5
100,2,1,50.3631346048167,3.8940236014752116,-5.5133106493864315,1.2299849563702021,0,2.2131059175060095,5
101,1,1,-48.010609546508952,-0.73510345142669775,6.4118858170434718,-0.80095569413862022,0,0.60990972094918894,5
101,2,1,50.27689182017874,3.8562253124841321,-5.4501321111312864,1.1968660553945309,0,0.10649931074655576,5
102,1,1,-47.69419018693344,-0.4499523663782426,6.4105562893535692,-0.6973944919501871,0,0.27221575368926126,5
102,2,1,50.564711407060535,3.9685144515204795,-5.26502122937843,1.2141922042103352,0,0.75271588756144492,5
103,1,1,-47.616810699668726,0.25534252562427046,6.3338041606025381,-0.46375434889947442,0,1.5925288385067542,5
103,2,1,50.229962750814401,3.941319252155977,-5.288420434652628,1.1854233667376268,0,0.031139098325453533,5
104,1,1,-47.339623318831912,0.76237061739827428,6.3214424180037021,-0.29783226632739834,0,0.75598020564353285,5
104,2,1,50.753278027764821,3.5665603808704591,-5.0329895319482993,1.0446850447802785,0,2.0015597846401949,5
105,1,1,-47.20489807883753,1.5693375615548737,6.2651753110405677,-0.042831446181404165,0,1.9302679637312161,5
105,2,1,50.565041885620879,3.7576676422123274,-5.0126135030158352,1.0893078433731265,0,0.058822654554672574,5
106,1,1,-46.014579722293888,2.4241902027932998,6.5350278575892551,0.22084741130855767,0,4.1745164649900506,5
106,2,1,49.799315197273394,2.3816336265886702,-5.1766483977534561,0.63375817153002523,0,5.9493040991395549,5
107,1,1,-46.050318393767952,1.8860598003527835,6.4244149638462691,0.053268777959304708,0,1.2243567403181257,5
107,2,1,48.511671083988048,2.6770269837481244,-5.5014027913393519,0.71699935511049906,0,2.9595837672763112,5
108,1,1,-44.94221273327134,1.5244938984629426,6.6625875529044585,-0.05697535526769211,0,2.1649225351819941,5
108,2,1,47.492584167032128,2.7876129962498895,-5.7342302759720392,0.74038673808152378,0,1.4952942156354332,5
109,1,1,-43.985158864773751,1.0477641040613161,6.8499323289122387,-0.19926682818069552,0,1.7995085187034219,5
109,2,1,46.37835053886058,4.0371150717296231,-5.9909883469750165,1.1165878373318929,0,5.8722634632997934,5
110,1,1,-42.239744824989138,1.0626734407986069,7.2678860098874543,-0.19185682156588954,0,5.8747032560196493,5
110,2,1,46.419626850641585,3.6061096529482448,-5.8861235329080586,0.96679914024533442,0,0.9804762473326526,5
111,1,1,-41.948065467029913,0.58310169225808439,7.2466853627319425,-0.33079379390965513,0,0.68633327700452884,5
111,2,1,45.962346408376398,3.0900233990580315,-5.9358547032174913,0.79456596027209669,0,0.97593872800039516,5
112,1,1,-42.082424553093539,0.50612539091410691,7.1009625311675846,-0.34852504419738056,0,0.7734750374767696,5
112,2,1,46.04105676153366,3.6982333453865164,-5.8221982569626274,0.96663273127514981,0,1.3365691021666866,5
113,1,1,-42.417314047578557,0.44938220769207193,6.9000510765583032,-0.35997422678939661,0,1.5008192407529475,5
113,2,1,46.095871959772076,3.6809070293557009,-5.718327895401023,0.94691772633095317,0,0.36343757457632053,5
114,1,1,-42.338305636678513,0.63221336111259219,6.8231596595395851,-0.30191996773279661,0,0.35504409111978324,5
114,2,1,45.937797665616152,2.8550447974381941,-5.6802414937024075,0.68677372840073736,0,2.3239739560393007,5
115,1,1,-42.100366221470935,1.1382855430336813,6.7935366401414159,-0.15234828263196373,0,0.91733005733586848,5
115,2,1,45.832163157452385,2.8253473228776702,-5.6275088313785826,0.6678431121839401,0,0.10907080350972137,5
116,1,1,-42.558292729052347,0.9268907675603254,6.5662476288321816,-0.2104176921839212,0,2.2389450871662007,5
116,2,1,45.643663359205995,2.7137123056873813,-5.6002604262733566,0.62529418316083296,0,0.091630459059326666,5
117,1,1,-41.678582198655754,1.0381332614584362,6.722285689132895,-0.17596033784939899,0,1.0707258435130558,5
117,2,1,44.622241779522639,2.1228963127242206,-5.8161603386401506,0.44414282260953952,0,2.9436608889736111,5
118,1,1,-42.604751786156008,1.5784430268774832,6.3675136934475631,-0.021630501189918605,0,6.4658752495835277,5
118,2,1,44.245572674256309,2.2275871636961218,-5.8409803616531599,0.4679865405984262,0,0.045307386914126516,5
119,1,1,-43.180769773839579,0.95737396144598241,6.117823841894376,-0.19471378845483994,0,4.1058935284937412,5
119,2,1,44.629933157612825,2.6473104395028439,-5.6468554845573751,0.58172878946204731,0,1.9973523394244768,5
120,1,1,-42.596134732264872,1.8084168575459658,6.1951292163867828,0.044010083060234129,0,2.8829457534744503,5
120,2,1,44.729162862959079,2.0184634970953503,-5.5381206945677022,0.3942408233859076,0,1.9111381872679991,5
121,1,1,-42.45348589531374,2.2963152056928609,6.1490839739921439,0.17784045201389764,0,0.9436032137873086,5
121,2,1,44.677396347828072,1.9374614575397855,-5.4744093201251367,0.36574012959311891,0,0.20426578391040826,5
122,1,1,-42.121761032704612,2.433153036312441,6.1557291377241112,0.21287125489073414,0,0.061591100795362792,5
122,2,1,44.281082402015571,1.8778470123597253,-5.5088649084877161,0.34384548759848071,0,0.071991752231219286,5
123,1,1,-42.267022666478802,2.1712393107113441,6.0324598637363795,0.13871149183896525,0,1.0306683745009049,5
123,2,1,44.573656024624817,2.1097181900155544,-5.3502903882930122,0.40377786988978709,0,1.278337820440739,5
124,1,1,-41.711528719962232,1.9333943162568972,6.1011130311182002,0.072516595738615908,0,0.46544200807689551,5
124,2,1,43.752551336479982,2.368242997864368,-5.5038202164446943,0.4698767170877548,0,1.279291372261006,5
125,1,1,-40.875911119433304,1.6908703258718152,6.2437298615992187,0.0063506989110039824,0,1.2992557646320038,5
125,2,1,44.055617809201571,2.3667634799296877,-5.3444857385797659,0.46299549825400721,0,1.1981781048337963,5
126,1,1,-40.998573140726911,1.6281293969128576,6.1275289772734025,-0.010499880147515059,0,0.74404265566042127,5
126,2,1,43.762038531052802,2.6914482594980669,-5.351701578758794,0.5455539929176223,0,0.33273101040976555,5
127,1,1,-41.469946932030602,1.1212596378559709,5.9208969821265587,-0.14502510898167797,0,3.3672472426578226,5
127,2,1,43.375109902362766,2.5694900840909485,-5.3841736121617281,0.50494859505822165,0,0.13462851428040043,5
128,1,1,-41.491023536027903,0.78648338311859245,5.8371213354926859,-0.23154911527515609,0,0.8241878094916455,5
128,2,1,42.940032213141599,2.2478198316729472,-5.4290288138396416,0.411133223943838,0,0.5533763736285946,5
129,1,1,-41.82659074483481,0.36955528477197508,5.6722914755126412,-0.33803845390835557,0,2.243898779653724,5
129,2,1,43.1857388174314,1.725685384705594,-5.2900149976852271,0.26525603481168691,0,2.1343705352321614,5
130,1,1,-41.107653838763575,-0.19488157014688123,5.786032524150837,-0.48109841830009326,0,1.9951980573431971,5
130,2,1,41.867196327065976,1.9148349634823356,-5.5716776418284999,0.31225676807223834,0,4.4007558914282514,5
131,1,1,-40.521817078994452,-1.1956509827294513,5.8630981916184801,-0.73493395313748189,0,4.3070646705147855,5
131,2,1,41.173368731519808,2.4223542793259023,-5.6819992239406103,0.44294604543871091,0,1.6201284608867748,5
132,1,1,-39.140873447589989,-1.2330913597915032,6.144323829998152,-0.73511328983185853,0,4.9580565067055202,5
132,2,1,41.090393814677206,1.9121697500727852,-5.6288669603231369,0.30231713820665618,0,1.2841474977887344,5
133,1,1,-39.518363217622749,-0.97092860978607609,5.9682127511620191,-0.65822941935522461,0,2.3702124082703735,5
133,2,1,40.398003887765817,1.5246199534550864,-5.7368264028474787,0.1965331708709194,0,1.3311991627921214,5
134,1,1,-38.775053428883929,-1.7511679832744536,6.0820704927482767,-0.84948414973529918,0,3.2546981295670738,5
134,2,1,40.082971328782612,2.2487062153993618,-5.7441922116523187,0.38315496870585014,0,2.0835262070688056,5
135,1,1,-38.328613053172347,-2.4158464429669411,6.1183183672169408,-1.0079363106312158,0,1.7758583506846728,5
135,2,1,40.04047724283005,2.4363220821290867,-5.6805937940928262,0.42693506710693058,0,0.36486845379756816,5
136,1,1,-38.168531472654344,-1.8346840454780253,6.081358147423952,-0.84787409434660987,0,1.8550535154345971,5
136,2,1,39.27515387913764,1.3941662702951494,-5.8050224795533705,0.15198812032079417,0,5.7097420739884708,5
137,1,1,-37.782983732210461,-1.2559422544959691,6.1019113436594647,-0.69119336427487088,0,1.7549213938179562,5
137,2,1,38.351571677428055,0.040629686426657763,-5.9679195852104492,-0.19810541046237035,0,9.5704545022024288,5
138,1,1,-36.909612175151288,-2.8809906533655063,6.2445993696234359,-1.0905480815921669,0,12.91670805490026,5
138,2,1,37.827363206960598,0.0040833062221254449,-6.0257090869493393,-0.20492335240185819,0,0.22245323457401084,5
139,1,1,-35.894053163265006,-2.8598758727877378,6.4204038035712552,-1.071640528177503,0,2.2939868014867821,5
139,2,1,37.372177007366254,-0.89688281278599002,-6.0649018529283749,-0.43175642297347072,0,3.5616188838944227,5
140,1,1,-35.841572896053258,-1.5520230365694263,6.3535745185870285,-0.732831618810173,0,8.9360861454175016,5
140,2,1,37.230756570704266,-0.91280248856824409,-6.0238890507201956,-0.43031988956398504,0,0.11576833061046526,5
141,1,1,-35.905909362755722,-0.75014626600164058,6.2589140896783624,-0.52505321540498984,0,3.9878493203278937,5
141,2,1,36.498322059118038,-0.94554949168658708,-6.1326688705115098,-0.43315289885964342,0,0.83216206288133643,5
142,1,1,-36.188901175274722,-0.072330332308487733,6.1118653872215383,-0.35132296633940407,0,4.0441029003158189,5
142,2,1,36.386334415088015,-1.5448873939631527,-6.0837953910983646,-0.57820223584684338,0,1.6826337788963937,5
143,1,1,-36.077346211263126,0.91187839845706897,6.0641824612678015,-0.10514705125102586,0,5.0072136427546834,5
143,2,1,35.6065069025898,-1.5581548354786778,-6.2026860084366291,-0.57429218717299069,0,1.0382486390075603,5
144,1,1,-35.395211732785327,1.1504900538367824,6.1569264819453551,-0.045458798691424294,0,0.98787845657620688,5
144,2,1,34.986446409806518,-1.1188385744430931,-6.2798147481955926,-0.45781725833026127,0,1.4622961095221205,5
145,1,1,-35.932443167597228,0.87687098818679921,5.9508980379561551,-0.11161249812827431,0,3.8766266230065933,5
145,2,1,34.782854524211444,-1.3194576725762932,-6.2524587611422806,-0.50185694915744383,0,0.20560545373811978,5
146,1,1,-36.370211517025467,0.77864933712009665,5.7723142048204048,-0.13411201044836149,0,2.7335308647472365,5
146,2,1,34.002544427865224,-0.71818422081637279,-6.3678614465244721,-0.34729988749453689,0,2.9043919871959583,5
147,1,1,-36.296342788959272,0.96507341756608311,5.7203533147194987,-0.087381714048419379,0,0.41977216709696996,5
147,2,1,33.314183593093112,-0.38604812772695368,-6.4587772344674965,-0.2614135752826876,0,1.2456776865418338,5
148,1,1,-35.637518729677481,0.88131575594578182,5.8102311702063085,-0.10652107184157913,0,0.73919300283074729,5
148,2,1,33.814076852666894,-0.62924997830888607,-6.2573846430736593,-0.31773941849335824,0,3.5515440636259692,5
149,1,1,-34.779134216208938,1.9275801405741981,5.9466517800124556,0.14610340621426651,0,7.3460714868827601,5
149,2,1,33.784671721412671,-0.56780331043096144,-6.1882766029916452,-0.2988856158668553,0,0.42483466380266288,5
150,1,1,-34.117620837667012,1.4452379028433977,6.0338373150454236,0.028880937392186723,0,1.9357630465878137,5
150,2,1,33.906739405902556,-0.4973830535448539,-6.0834836828687244,-0.27815332751877303,0,0.9628054798355643,5
151,1,1,-33.625771498537709,0.79522491411070162,6.0792082880070435,-0.12655465513572126,0,2.419449016596007,5
151,2,1,32.826010789994911,-0.90867873354921858,-6.2713813616981469,-0.37430664569092176,0,3.8293594136158404,5
152,1,1,-32.548260239202357,0.87742861532321204,6.2631706887019707,-0.1055005056423875,0,3.2178869430433745,5
152,2,1,32.365157563429676,-1.1519354508034951,-6.3068892943424517,-0.42844010074562283,0,0.36688917943602634,5
153,1,1,-32.854680824027156,1.0536824521951837,6.1162948928059704,-0.062467751183479886,0,2.2353541150601113,5
153,2,1,32.13309661564314,-1.1579860498667347,-6.2868820232314224,-0.42474741462939308,0,0.03688883632637855,5
154,1,1,-32.866566798069059,1.2370133667103422,6.0412152520643483,-0.018404514334230085,0,0.73509841824592725,5
154,2,1,31.796186981723384,-0.87387888807674652,-6.2922842522982121,-0.35164738518850519,0,0.4873141035002192,5
155,1,1,-32.568556439425876,1.4337436177579344,6.0402609416793354,0.028163656258124746,0,0.21382969690822895,5
155,2,1,31.558585709295421,-1.2511231787248511,-6.2739092078423528,-0.43746158444584976,0,0.71070960954259632,5
156,1,1,-31.203705097086221,1.1137678349033953,6.2899400126760749,-0.047334987645924441,0,6.8121157676171826,5
156,2,1,31.594264121175346,-1.7306957009813442,-6.1908226768094137,-0.54630961801548195,0,1.7599147197774885,5
157,1,1,-31.061171551642396,1.5250490547388598,6.2496580548508662,0.049560890795833555,0,1.1195515216980878,5
157,2,1,31.174146276558645,-2.0077980463730678,-6.2170357009381494,-0.60552343492122085,0,0.40017094173953843,5
158,1,1,-30.213902231029884,0.93225407587162323,6.3745831182439163,-0.089493725590062245,0,3.6066336218128678,5
158,2,1,31.457313418102061,-2.2222389334049937,-6.0766560134539107,-0.64904559224682978,0,2.0952098545607161,5
159,1,1,-30.274872107439812,0.37572600413667578,6.2861248667389686,-0.21810526540917594,0,2.5523978667501579,5
159,2,1,30.701634909263092,-2.6441868126871158,-6.1831147904008663,-0.74081414159378334,0,1.9470763795515045,5
160,1,1,-30.147172564476115,0.58954864560459685,6.2427647842453879,-0.16588730930912465,0,0.48962033267997807,5
160,2,1,30.804033498339034,-2.9173375531052974,-6.0864335709837469,-0.79628046609499259,0,1.2438648155925924,5
161,1,1,-29.877311272274419,0.3743032906085626,6.2329661770526936,-0.21385272776855752,0,0.25836635911780303,5
161,2,1,30.600089540082561,-3.4437114218733429,-6.0629203710951156,-0.91025574737053716,0,1.3769624619288414,5
162,1,1,-28.903540138325724,1.1140201254487743,6.3860504279027399,-0.040356410499703649,0,5.8520283526372374,5
162,2,1,30.236095088573176,-3.2341852899642074,-6.0771344462664736,-0.8506791536242766,0,0.38720696621515582,5
163,1,1,-28.853542671322035,1.0424880809764014,6.3239348487075908,-0.056389961346161047,0,0.45602835201451097,5
163,2,1,29.597162590440838,-3.2572414801015288,-6.1551968449756389,-0.84614143002351994,0,0.64049637171530016,5
164,1,1,-28.25577802868176,1.4292345737642389,6.3887289709502593,0.033256572987782826,0,1.373936531086102,5
164,2,1,28.673440078777997,-3.0844790027027469,-6.2983224246324161,-0.79616769722878766,0,2.4426012662978471,5
165,1,1,-28.484247366109564,1.2021941956501354,6.2629272342932243,-0.019254755284951297,0,2.1143180733673281,5
165,2,1,28.944515026694837,-3.515176587330485,-6.1625061769838707,-0.88676481918791261,0,2.8733199706361803,5
166,1,1,-28.692231732221753,0.73630930453180166,6.1435319838936762,-0.12577216819492557,0,2.9502233801697821,5
166,2,1,28.544432934447386,-3.0720587264524073,-6.1837667871962738,-0.77406389823529698,0,1.4378187611795039,5
167,1,1,-27.776961842304104,0.63266525498370918,6.2825595847191815,-0.14803041970873687,0,2.3132510537280906,5
167,2,1,28.505459816880553,-3.2774835608005124,-6.1214412766448847,-0.8125184724405774,0,0.5942970667444164,5
168,1,1,-27.569393014377788,0.74140447262123055,6.2582463729461333,-0.12153101220676743,0,0.15277890180328102,5
168,2,1,28.177194578866594,-2.9530502216879726,-6.126548347585274,-0.72851140175450313,0,0.79543432978480644,5
169,1,1,-27.439446306285028,0.41397876589700178,6.2165813509735672,-0.19470880561707132,0,0.84772500362704561,5
169,2,1,28.477847274402251,-2.9897116471681153,-5.9871828685639947,-0.7285655552581265,0,2.2097997133799367,5
170,1,1,-26.998761890831652,0.061606206503277194,6.2460962865594194,-0.27258709606191406,0,0.83899216233265261,5
170,2,1,27.757528775096375,-3.0773055399139397,-6.0836280502032301,-0.74028801007902523,0,1.0877395324867789,5
171,1,1,-26.525682093755758,-0.099418947024477233,6.2825724452750658,-0.30602782456586125,0,0.29961788961822977,5
171,2,1,27.580908349898621,-3.390256412075789,-6.0544639451139997,-0.80337501699081471,0,0.56366710173432732,5
172,1,1,-25.608205917249578,0.77014974811496051,6.4192178597287368,-0.10562353214903886,0,7.2796293806577612,5
172,2,1,27.943256380089064,-3.4703987460237977,-5.9027170759026264,-0.81249564322756529,0,2.729936683356823,5
173,1,1,-24.888202374033391,1.2466382325667409,6.5094396498745155,0.003302471709604432,0,2.5025009117618735,5
173,2,1,27.298820384078777,-3.1747576527713979,-5.9822598820961215,-0.73592100690506224,0,1.4574026680140242,5
174,1,1,-24.399820986627784,1.7741408187915857,6.5462127393958598,0.12233689904720849,0,1.9625501883576173,5
174,2,1,27.018204987963578,-3.5864968306259484,-5.978055546872616,-0.82114215825045322,0,0.88062165788490043,5
175,1,1,-23.777166616663376,1.7551894378470387,6.6127753369041411,0.11668718976201795,0,0.57017672574529221,5
175,2,1,27.168726533529295,-3.5557245714645656,-5.8760914685507046,-0.80484572114904085,0,1.304561335054472,5
176,1,1,-22.846075999907292,1.7227135335616213,6.7478971338461387,0.10806609602541262,0,2.3663817569164496,5
176,2,1,27.141935277447697,-3.4053550527853251,-5.8156186197642405,-0.76167619327930158,0,0.68307156179615491,5
177,1,1,-22.968799178405714,1.1527084332696069,6.644505149375453,-0.021232502015948729,0,3.573406934147231,5
177,2,1,26.553343789528739,-3.0900015423797349,-5.8829522783471848,-0.68176556792974974,0,1.365975684021614,5
178,1,1,-22.491002750796721,0.79766617882998436,6.6771705903840477,-0.10066398116607478,0,0.97113980280119994,5
178,2,1,26.263305184419011,-2.7188288473761055,-5.8820247631505715,-0.59028712896294866,0,1.0582066243033366,5
179,1,1,-22.094965977992786,1.4524365701595645,6.6911044609310677,0.047195098300406496,0,2.9316119659655344,5
179,2,1,24.984180788200891,-2.2941843047743045,-6.1040227020996207,-0.48793183028858395,0,7.6355397707221142,5
180,1,1,-22.331366472849197,1.8426167307721821,6.5633194137183404,0.13399280834724558,0,3.2013058714560527,5
180,2,1,25.305077042739097,-3.2115206001690004,-5.9631297989270537,-0.68887320030362509,0,7.7744535732312832,5
181,1,1,-21.759371293229943,2.2225162371128802,6.6178237720272355,0.21741603439182644,0,1.3443040828698374,5
181,2,1,24.279877722795366,-2.9907722796854275,-6.1265017931533885,-0.63152964220155317,0,3.9085649999605563,5
182,1,1,-21.190805825280602,1.7815017017211094,6.6708900548141834,0.11652217598942884,0,1.7749183523344283,5
182,2,1,24.231964210705662,-3.0858142061249056,-6.0685155302494547,-0.64577096983414217,0,0.46937982609556017,5
183,1,1,-21.686565494233154,1.772257602714592,6.4859359859428727,0.11316117004300652,0,4.7141075907670853,5
183,2,1,24.207351062512533,-2.4439898446313206,-6.0060348478653331,-0.49470523485034146,0,3.5520852516877586,5
184,1,1,-21.503955964919665,1.7223314671621162,6.4543702077447769,0.10077785331278334,0,0.15972877879044028,5
184,2,1,24.897119728374292,-2.4882261223552136,-5.784448147013177,-0.4990697383831702,0,6.5896219755714824,5
185,1,1,-21.466384101522966,1.776632162853055,6.3909085915751502,0.11174145280942768,0,0.58094907076888447,5
185,2,1,24.86139960905621,-2.3376852729594728,-5.7277815171229491,-0.45984061472922716,0,0.64303962508910051,5
186,1,1,-21.759531201152246,1.698118526273436,6.2546814347699806,0.093042350149957903,0,2.6696200601991213,5
186,2,1,24.342088230182487,-2.9568801519324959,-5.7797868112306094,-0.59295669708235232,0,2.7895375401022537,5
187,1,1,-21.7760113831342,1.8437671218107807,6.1815509347471478,0.12436281341439637,0,0.90060999714538748,5
187,2,1,24.131744550875435,-2.7392066496655731,-5.7622470043122487,-0.53779830142900342,0,0.46151438166362335,5
188,1,1,-21.630905592318083,2.2567354885022364,6.1451587756822956,0.21463762227916944,0,1.3583925410020929,5
188,2,1,24.146745612953755,-2.5996225966967348,-5.6947179260651914,-0.50071042224604767,0,0.82461777170649864,5
189,1,1,-21.388040153777755,2.9812778479994702,6.1308792926051323,0.3729300415482768,0,3.6487648161453903,5
189,2,1,23.070060596881017,-1.9184342403036005,-5.8709723958094955,-0.34353477554955292,0,7.8116510912620249,5
190,1,1,-20.809704486394605,2.8155497187841605,6.1911034710159338,0.33207592209969999,0,0.77051501214132456,5
190,2,1,22.734165156012931,-2.4616832555316517,-5.880387864025824,-0.46050262986225221,0,1.944256277065006,5
191,1,1,-20.298885564918137,2.4221151308744724,6.2356666656162174,0.24128649534620233,0,1.4986221273243454,5
191,2,1,22.833950002728741,-2.7504986822951571,-5.7929095709361711,-0.51954435413353772,0,1.5849688650747986,5
192,1,1,-19.940149849344856,2.3729953103698964,6.2460553979940485,0.22774882845985328,0,0.042955739947614507,5
192,2,1,22.564740322990023,-2.1602048375407343,-5.7883740164032398,-0.38276814895023625,0,2.6853042174856614,5
193,1,1,-19.298807595992852,2.3373535136177912,6.3188107119109267,0.21734999440261185,0,0.80210871807104489,5
193,2,1,22.158207857144397,-2.8182376541184166,-5.814344805228842,-0.52444741080105406,0,2.9968943191190567,5
194,1,1,-18.963275210983259,2.3013959724069042,6.3231400455114395,0.20700277200600006,0,0.018803302165713531,5
194,2,1,21.698781637052399,-2.5904815721475289,-5.8517276966045113,-0.46817032992774776,0,0.66410088626435104,5
195,1,1,-18.346604724721811,2.4391549757855571,6.3895074995954912,0.23514061750605722,0,0.78154374890730716,5
195,2,1,21.140046888053835,-2.4839518538191045,-5.910657441614334,-0.43939980913503129,0,0.63007275127902584,5
196,1,1,-18.197898320127106,2.5107474902627054,6.3518143936138705,0.24834784842031651,0,0.24139025565449351,5
196,2,1,20.520757122609705,-2.2209085444075112,-5.9822922246947643,-0.37633747338365314,0,1.3436328614827655,5
197,1,1,-18.498906032646097,2.779539645110976,6.2153437364904613,0.30490737149232355,0,3.322007280755515,5
197,2,1,19.986233459822376,-2.2794467192330803,-6.0343445172186989,-0.38512041853205414,0,0.41380226847094786,5
198,1,1,-18.919154886682854,2.4597432962097288,6.0541492625906983,0.23102818093535041,0,4.8138633984431962,5
198,2,1,19.633209559181928,-2.6349379833985704,-6.0456820742996715,-0.45942042490037782,0,0.84430497872276211,5
199,1,1,-19.027533041163039,2.7418469740643947,5.9635419773590641,0.29066054348911952,0,1.8114964972366914,5
199,2,1,19.127268757770359,-2.5739168577280567,-6.0906590129515257,-0.44087102445450788,0,0.35600151021599102,5
200,1,1,-18.783676448030107,2.2519786700224413,5.9515741144900671,0.17953112962863824,0,1.9339667394656377,5
200,2,1,18.866025418140712,-2.6567487794106208,-6.0811038818740082,-0.45428858201795791,0,0.041058615008703468,5
201,1,1,-18.763819839749647,2.0763470306291651,5.8904096570190454,0.13887372336064913,0,0.83945612251277169,5
201,2,1,18.935340794037344,-3.0083677908176272,-5.9987336003071219,-0.52684910293393372,0,1.8342770098528209,5
202,1,1,-18.284162927191616,1.8332184987546685,5.9311692611958966,0.083817867313474889,0,0.73402145172841071,5
202,2,1,18.271614594311174,-3.2507733763671625,-6.0789518950670303,-0.57449263014489182,0,1.3327517721155273,5
203,1,1,-18.431105962220506,1.9188884753906801,5.8335589705576076,0.10175060718748688,0,1.5483683517566973,5
203,2,1,18.050193722225824,-2.8596291264540525,-6.0607621993450289,-0.4819494277824613,0,1.3695284635290597,5
204,1,1,-18.50284959383459,1.2075799938201284,5.753596482025972,-0.055875717219774163,0,4.9348657507132438,5
204,2,1,17.804314763866529,-2.4986632325797844,-6.0481689276349089,-0.39711248657600451,0,1.1387246629674679,5
205,1,1,-17.862793628872637,1.5312115432357283,5.8311085585886078,0.015927968234481893,0,1.7717920296336005,5
205,2,1,17.356098314527713,-2.8876413397153606,-6.0802811271245414,-0.47840661696396086,0,1.1889595462733307,5
206,1,1,-17.474277106664211,1.3398982359380229,5.8524321068164102,-0.026320529528308996,0,0.35706310188582602,5
206,2,1,17.638769972170277,-2.7150696778490797,-5.9511165023306045,-0.43514697400965646,0,2.9024430184571894,5
207,1,1,-16.999896033895414,0.86143012768850524,5.892396156125554,-0.13123352027250321,0,2.0182896714178278,5
207,2,1,17.740486801191398,-2.4671307266259399,-5.8632405425373326,-0.37578948743279766,0,1.7678492321438914,5
208,1,1,-16.673513849350979,0.076294868199250687,5.8993785912414758,-0.30239009254054511,0,4.7189020755107309,5
208,2,1,17.398728873938136,-2.2394636927953511,-5.8739329430959994,-0.32156244977870591,0,0.48257006412672182,5
209,1,1,-16.321902012048419,0.45948742760400463,5.9118286535149132,-0.21484144436419891,0,1.2627554462706185,5
209,2,1,16.866709284766021,-2.8031667887416187,-5.9263567708930802,-0.44202335489719957,0,2.7391446904469223,5
210,1,1,-15.734395794920379,0.34790547832525154,5.9759827439148978,-0.23700301662236131,0,0.74691175995606196,5
210,2,1,16.780037032489592,-3.0823043770937408,-5.8802518068064202,-0.49855044498293843,0,0.84832142276331091,5
211,1,1,-15.402578765898575,0.32877414561905499,5.9832382833129447,-0.23860302495230809,0,0.0089847338684067423,5
211,2,1,16.440609197904791,-3.757565508270857,-5.8902374052792617,-0.64154142521834023,0,3.2901067119475305,5
212,1,1,-15.178860130706967,0.42468251200157692,5.9666614154422177,-0.21490807316283264,0,0.1366165104392329,5
212,2,1,16.634638778824435,-3.6430763754943731,-5.7828396178766042,-0.60932126051483892,0,2.0218578924806985,5
213,1,1,-14.493348312039211,0.60077699521770911,6.0517289940033079,-0.17385722302860382,0,1.4628185353308862,5
213,2,1,16.415158123152477,-4.6500724599975367,-5.767528118667629,-0.82396171709198396,0,7.4774387445742674,5
214,1,1,-14.738975325935133,0.51204717299794289,5.9312859787313048,-0.1914414189019486,0,2.4377521696934963,5
214,2,1,16.415486598491004,-3.3961406645025192,-5.7040794684501144,-0.53933111969446434,0,13.787546106954807,5
215,1,1,-14.370473327788975,0.34605369374986023,5.9470903126371066,-0.2258063790549488,0,0.23620826458173769,5
215,2,1,16.41321171185281,-3.8300218456049162,-5.6419070212559905,-0.62874885447099516,0,1.9304687053151308,5
216,1,1,-14.231681146044886,0.81298569993062753,5.9122553431746692,-0.12074447889350776,0,2.0293114483398367,5
216,2,1,15.550313081104669,-3.5821641062940386,-5.7695247409145116,-0.56738037483335368,0,3.2759427984107199,5
217,1,1,-13.795470173170592,1.2800541386243376,5.9431439709082312,-0.016805850249542842,0,1.9536343281913746,5
217,2,1,15.432505531189424,-3.934684036362166,-5.732026887457164,-0.63860002019039874,0,1.0622026754790088,5
218,1,1,-13.608395537766235,1.107095675980319,5.9189588564132034,-0.054620173722118227,0,0.33581631768823839,5
218,2,1,15.228373443447463,-3.6794170968085638,-5.7139083139534961,-0.57550258133617405,0,0.70908870057870677,5
219,1,1,-12.937183583819118,1.4730423048941352,6.0014076545958845,0.026381540366314633,0,2.2331500024444417,5
219,2,1,14.559629089240422,-4.1159970774839598,-5.7980621497444771,-0.66509516094384535,0,2.4943950105008339,5
220,1,1,-12.247045517223242,1.2523025280889872,6.087113784306907,-0.022409491848004108,0,1.6304821996648122,5
220,2,1,14.314623480390617,-4.4747013705510161,-5.7881985020822189,-0.73659401149687675,0,0.8628713019872003,5
221,1,1,-11.813742034350849,0.69477563835213052,6.1154483600968295,-0.14467245806703199,0,2.6477655144520185,5
221,2,1,14.060929519735168,-4.5545943201688175,-5.7803519074234524,-0.7460547628764258,0,0.025103033035870942,5
222,1,1,-12.396141384360712,0.59077705395347047,5.9202677219667867,-0.16593709134343065,0,6.4970569138699288,5
222,2,1,13.561342189916001,-4.701086817025014,-5.8266140309741816,-0.77004372843820623,0,0.45262146446225743,5
223,1,1,-11.62126158359232,0.33893895854643841,6.0255116144646585,-0.21946188945943301,0,2.3557327383020024,5
223,2,1,13.430383042305081,-4.2803882441996448,-5.7913789924604453,-0.66915328970185017,0,1.9090713526540279,5
224,1,1,-11.543448198977964,0.65728497474811221,5.9763942751254948,-0.14707703514610171,0,1.2962039712053537,5
224,2,1,13.277429160640107,-4.3126820961205219,-5.7613617692471717,-0.6688975754381119,0,0.15106005272319617,5
225,1,1,-10.911813646454462,0.89740265350140569,6.0495565006935008,-0.092675710962538876,0,1.4113624778619127,5
225,2,1,12.99315855105305,-4.5630911658115041,-5.7605273233838403,-0.7165725928769221,0,0.38219403081874626,5
226,1,1,-10.551644400235041,1.0683754875996285,6.0622404311401317,-0.054067160439411691,0,0.28105447217714902,5
226,2,1,12.923646333652728,-4.5048454355334693,-5.7125076356015052,-0.69589923411629551,0,0.46068324393242188,5
227,1,1,-10.189333749793446,1.3750328617007352,6.0752576231544406,0.013958199735471521,0,0.81813293355680694,5
227,2,1,12.240552701208363,-5.3612720862055046,-5.7998620721682288,-0.87647509932076129,0,6.7993531241980367,5
228,1,1,-9.4382033211214029,2.0432768810583859,6.173644593312976,0.16076777389220284,0,5.3381851201228629,5
228,2,1,12.327938792324218,-5.6908584889077627,-5.7169135363998755,-0.93928617512563317,0,1.8337893952368667,5
229,1,1,-9.3358916020651836,2.0361596908679247,6.1282512326067602,0.15743414518231624,0,0.35479730250299896,5
229,2,1,12.845128978253086,-5.8231246569301982,-5.5403832736650402,-0.95803796483584369,0,5.3509768923526222,5
230,1,1,-9.1417646208472103,2.0836966324296733,6.1035485472258895,0.16616044645749378,0,0.11777811011160183,5
230,2,1,12.297781452203125,-5.779803783381035,-5.5998171734649915,-0.93798189291416068,0,0.66960042171317857,5
231,1,1,-8.714667002711046,2.5288081338980497,6.1303757222483002,0.262274168975139,0,1.7118687138826925,5
231,2,1,11.871206041347142,-5.717716768883438,-5.6320496642852467,-0.91401692723266337,0,0.27514776101478589,5
232,1,1,-8.8819685731255849,2.116647642508739,6.0260970318890204,0.16867954816196218,0,3.3814808285750866,5
232,2,1,11.415575497299681,-4.9393494687543482,-5.6703226541860072,-0.73278436222461096,0,5.8640924578146381,5
233,1,1,-8.7684779510248632,2.9052220310501919,5.9847545947636513,0.3404072494292244,0,5.3826435323847068,5
233,2,1,10.820928177139326,-5.0560874074188122,-5.7387592257543565,-0.75040291684969784,0,0.85527599179000169,5
234,1,1,-8.9977685301599539,2.4208936117955613,5.8683890179908902,0.23002576338499048,0,4.4454939587294557,5
234,2,1,10.155727892505315,-4.8538222484473197,-5.8219764574838884,-0.69765045369260648,0,1.6658361924610026,5
235,1,1,-9.128304598229608,2.7301301872171404,5.775027478721106,0.29559166232739448,0,2.2527096118409942,5
235,2,1,9.9025074353377391,-5.7390222921698362,-5.8136417465560593,-0.88475331841521898,0,6.0303149411717794,5
236,1,1,-9.300373795821141,2.7941212435739229,5.6735257256031391,0.30643113242930764,0,1.8062718514427369,5
236,2,1,9.5358206013319542,-5.7547100450839306,-5.8303689203372011,-0.87847003510500266,0,0.054987903712530747,5
237,1,1,-9.592808544746001,2.7408393334165746,5.5466015974683192,0.29131697096418591,0,2.8362573556892401,5
237,2,1,9.1940103008113319,-5.6689316030989332,-5.8414393692501756,-0.84991951223688122,0,0.16177245340501967,5
238,1,1,-9.2769229092592127,2.7134752820879546,5.5550977716780974,0.28207721995334728,0,0.027389637108721682,5
238,2,1,9.323569579349904,-5.3827956861292181,-5.7486092172621133,-0.77756493995729781,0,2.3938463124218239,5
239,1,1,-9.0292699677783599,2.7131080358541215,5.5484629168086155,0.27888760248597816,0,0.0094337010232137235,5
239,2,1,9.1976311186882569,-5.4297835570982871,-5.7130461899067368,-0.77935080414109614,0,0.2194539847711578,5
240,1,1,-8.4417302989372587,2.6837668849935623,5.6168326533951083,0.269344672226068,0,0.83058175320701888,5
240,2,1,9.1676601864458416,-5.1753412164608168,-5.6567290251917193,-0.71472344345463812,0,1.2737940508940331,5
241,1,1,-8.2225458040933948,2.7976889124860005,5.6032361852436994,0.29149669636831849,0,0.11788979865346742,5
241,2,1,8.3866111688844907,-5.6098755084403136,-5.7664911920996307,-0.80258342280786543,0,3.4315104781969628,5
242,1,1,-8.3605133829743377,2.4181013130385547,5.5110090738475144,0.20455599388704393,0,2.8065501657408105,5
242,2,1,8.2288369294336192,-5.0180835168998765,-5.7377228798414883,-0.66333209574049323,0,3.51476140447219,5
243,1,1,-8.5219378678934206,2.8756485030514001,5.414601565544773,0.30324574477560162,0,3.3290198635090502,5
243,2,1,7.9829360507566376,-4.8138608881670653,-5.7286892021786473,-0.61100846675431464,0,0.49076684244364505,5
244,1,1,-8.157019696077997,3.4427048356420249,5.4353869394155208,0.42503740270980678,0,2.6726708467434439,5
244,2,1,7.9602359185310947,-5.0200755740605905,-5.670545100884941,-0.64973623024911931,0,0.85064051812369956,5
245,1,1,-8.0440020249750503,3.2354970751730918,5.4003449627649713,0.37460847339318903,0,0.66090008944923706,5
245,2,1,8.5541868968255983,-5.0373578532253998,-5.4770459331675729,-0.64638336718879341,0,6.5356759860151774,5
246,1,1,-7.7207595860865457,3.3552074485867482,5.4120965556107015,0.39690384215084873,0,0.11142711373654607,5
246,2,1,8.3952930644000858,-5.5616279242259603,-5.4516894588622806,-0.75489334516672413,0,2.1693737676968516,5
247,1,1,-7.0478500490834666,3.0009155529029234,5.500943910992885,0.3142771911606243,0,2.5847801323180173,5
247,2,1,8.5566129459068723,-5.5590634297618289,-5.3559593975751278,-0.74600014443584473,0,1.6166397370787393,5
248,1,1,-6.8872920560436048,3.2432361544583168,5.475653009583179,0.36433508871773551,0,0.55276339835366461,5
248,2,1,7.4638696136796163,-6.2158039731505355,-5.5380078618260962,-0.88269792279894532,0,9.0741442230585374,5
249,1,1,-6.5795206700652722,3.1990663399672017,5.4831631067183615,0.35055025130935619,0,0.043340853484011635,5
249,2,1,7.4057026440423099,-6.1375430830693469,-5.4897258422790944,-0.85568094638316516,0,0.53647641928808976,5
250,1,1,-6.7362554106056143,2.9775037584258088,5.3879293532764114,0.29770777632196593,0,2.0878688330127746,5
250,2,1,6.6972436200448229,-6.81347467714013,-5.5855427060489991,-0.99547362867922873,0,5.0387116195184003,5
251,1,1,-6.6358374195789391,3.1678432634363505,5.3505730312110646,0.33649567761382487,0,0.51082204671662956,5
251,2,1,5.8913857030870567,-6.8725238743801054,-5.70183592552329,-0.9975220885413133,0,2.3753594530263222,5
252,1,1,-6.7029118715046998,3.2255920063971559,5.2765828903236045,0.34554511399520066,0,0.97942386643472901,5
252,2,1,5.2771756575346815,-6.9912186810788013,-5.7745388268634281,-1.0127242820769615,0,0.96950253198767888,5
253,1,1,-6.4149542667210655,3.7569232945506132,5.2819197351175813,0.45924597001807532,0,2.2853026193981116,5
253,2,1,5.4460925001365714,-6.7874380004030108,-5.6734185815744187,-0.95650872817166988,0,2.3542362528947676,5
254,1,1,-6.0006950199177211,3.8098960927178207,5.3151420221959409,0.46588552642464121,0,0.20258081089039462,5
254,2,1,5.2812696910939501,-6.9271630798839396,-5.6471513753408598,-0.97681991926698142,0,0.19405979809438151,5
255,1,1,-5.772385756332028,3.5808558451248449,5.3068549112059067,0.41004453947983938,0,0.56279817374623886,5
255,2,1,5.2863534303191964,-6.970041415135678,-5.5836062997197677,-0.9755017450335397,0,0.71157857635089883,5
256,1,1,-5.9088281197850598,3.7284854169860653,5.2179183313718136,0.43818463477959896,0,1.5375297820023646,5
256,2,1,4.9797800645427195,-6.8189799673549691,-5.5896636723687587,-0.93131227629445856,0,0.35066861154461593,5
257,1,1,-5.3274397407069509,4.0182313770752884,5.2888784109365305,0.49748623396626418,0,1.5118881786109131,5
257,2,1,4.4477541677494656,-7.0613063010308021,-5.6455222414247315,-0.97461154061034982,0,0.88104178698602387,5
258,1,1,-4.933002795514831,3.9842104863939971,5.3176673349112527,0.48444299946649921,0,0.17668427509260717,5
258,2,1,4.3579234072561945,-7.351311874935071,-5.6029454172734834,-1.0279914899297533,0,0.82285233556831727,5
259,1,1,-4.398422520182927,3.9892686868636615,5.3771891963785441,0.48019779265141399,0,0.63011451682466757,5
259,2,1,4.1208307600905654,-7.3293971530675455,-5.5934175387947809,-1.0117672230215828,0,0.062516917041007675,5
260,1,1,-4.3455643701422551,3.5480015981634971,5.3293286190731664,0.3771038585786663,0,2.2870637960694582,5
260,2,1,3.9076132219281576,-7.7500792296488159,-5.5787078531025314,-1.0936887988342932,0,1.2240612865120624,5
261,1,1,-3.987178126103502,3.6325438350583781,5.3497008027014816,0.39166207488440108,0,0.11103738657854123,5
261,2,1,3.6149006148614498,-7.6273768181089441,-5.5817582594152757,-1.0544136627006495,0,0.27434600874425913,5
262,1,1,-3.5968401740023972,3.9108521356268433,5.3769353351234663,0.44901732718190207,0,0.71422844363308935,5
262,2,1,3.1586643431318762,-7.6754415208394411,-5.6209904462689169,-1.0533825253280118,0,0.27242603066404719,5
263,1,1,-3.150449203650127,4.3367024790053597,5.4163035785041105,0.53846619945854279,0,1.6927238547234169,5
263,2,1,2.7154512978308327,-7.37004841494681,-5.6569129836776941,-0.97406441671497401,0,1.3416360440556752,5
264,1,1,-2.7258976655669249,4.4052627278671048,5.4504008941157904,0.54770089094058316,0,0.22123937155808443,5
264,2,1,2.1576480176974888,-7.456485371295595,-5.7178368316176433,-0.98242528437543553,0,0.66946425167340684,5
265,1,1,-1.8410978984547914,4.7098474647950663,5.5862311326965708,0.60919582368577196,0,3.9425738212991814,5
265,2,1,2.0453194854156092,-7.1403215792051506,-5.679370003960976,-0.90146717541015986,0,1.4228242760260688,5
266,1,1,-1.3737606168994196,4.5715089287383401,5.627953190713856,0.57174023825805242,0,0.55765689566876731,5
266,2,1,2.1578039778293463,-7.1580304491091846,-5.5914826945900415,-0.89540090439290398,0,1.3750031778011611,5
267,1,1,-0.85699971547492981,5.0145169120457025,5.6801913392172692,0.66371969976147949,0,1.9853530641200239,5
267,2,1,1.5088703370151866,-7.1542220625373574,-5.6733836219983811,-0.88462923465049181,0,1.2093856776688938,5
268,1,1,-0.43596324022229305,5.2200623930370984,5.7106110065138971,0.70198312253878714,0,0.42407718035063657,5
268,2,1,0.94033322381142148,-6.9029319090422563,-5.7365647187915538,-0.81908524857147957,0,1.4693425570491454,5
269,1,1,0.072903565549791993,5.1900362410437548,5.7602023671458049,0.68752218051752023,0,0.47369274941122191,5
269,2,1,0.86945888128950899,-6.9006684603564992,-5.688656764645879,-0.80949768295930502,0,0.42333178379294145,5
270,1,1,0.51965602612761186,5.2821884795076723,5.7954586449533076,0.70035411459141705,0,0.24993524219160468,5
270,2,1,1.1459673578613763,-6.951112647431513,-5.5641864237367216,-0.81170982619284382,0,2.7491704237807597,5
271,1,1,0.61316419010001821,5.4025392570981605,5.7518591404485733,0.7193105461695235,0,0.40138966432090306,5
271,2,1,0.84763267614101079,-7.0273951417091691,-5.5686531856822077,-0.81963266634071597,0,0.014678202254561854,5
272,1,1,1.1993862666615152,5.3394294957401529,5.8182128960357922,0.69729655939202495,0,0.86807951922896198,5
272,2,1,0.80492717922958579,-7.115999131977941,-5.5163222826387965,-0.83020472311710047,0,0.50586783301739024,5
273,1,1,1.4849509180205001,4.9131266522932266,5.8170247919039078,0.5948057460823134,0,1.8662540437767303,5
273,2,1,0.34638260465845883,-7.6482200579559079,-5.5568967650990713,-0.93916603231547269,0,2.3998393433107967,5
274,1,1,1.8338777336353016,4.7597241260197629,5.8299343356325934,0.55409516992416941,0,0.32406083263890756,5
274,2,1,0.1558597243830234,-7.8177821908314744,-5.5375027762857778,-0.96639603708102151,0,0.19843349347610451,5
275,1,1,1.6751679105222017,5.5378834430467325,5.7298378165768389,0.72094723083829293,0,6.7269668821787434,5
275,2,1,-0.47134580272109539,-7.7905508879702872,-5.6153273979772562,-0.94961263392967299,0,1.1255990242389937,5
276,1,1,1.4886631857871009,5.4844362446872648,5.6246528874560564,0.70104544162845039,0,2.0364736201813241,5
276,2,1,-0.9422329785945982,-7.7350311797785691,-5.6575712002935132,-0.92672652225747176,0,0.40998981590647021,5
277,1,1,1.8635939032816837,5.5161728890346726,5.6454936178473067,0.70030796537755091,0,0.077286683598461095,5
277,2,1,-0.95184380696972748,-7.7024007791187366,-5.5968396403795033,-0.90917680107584442,0,0.70990829018975965,5
278,1,1,2.0753855833246058,5.9107247153805584,5.6298134064831338,0.78029331102719945,0,1.1807765099720369,5
278,2,1,-1.0471743272987246,-7.4616906006424175,-5.5558248292250463,-0.84556466475777725,0,1.0177883034340314,5
279,1,1,2.2455847628602932,6.0179541053480516,5.6050498406401843,0.79547182833853924,0,0.14994967676041007,5
279,2,1,-1.8674203029178316,-7.5859856960398933,-5.6764313194088905,-0.86379985611676979,0,2.6436785812204651,5
280,1,1,2.5814033065776174,5.783785575337804,5.61741622908756,0.73450520244163475,0,0.68788620688225621,5
280,2,1,-2.7559177111710103,-7.5577452273105941,-5.8108990587514358,-0.84791515887706526,0,3.25799806449296,5
281,1,1,2.8062422679995067,5.974354724706803,5.6049438630160742,0.76874996329525946,0,0.23611586736939905,5
281,2,1,-3.0997144530709178,-7.3645436552684203,-5.8227435518091895,-0.79551258247876877,0,0.5129559908345751,5
282,1,1,3.0531363715208362,5.9542197090537909,5.5975183082410656,0.75570968983047404,0,0.040031354367084174,5
282,2,1,-3.7222408275045948,-7.2909724738611255,-5.896467039567673,-0.77029654563066363,0,1.0790199558665448,5
283,1,1,3.4175348006463091,6.2427083598813855,5.6163393035784619,0.81153485306071271,0,0.61699417061457762,5
283,2,1,-4.1963321734576189,-7.3678918869517434,-5.9363561159101073,-0.77884198322536802,0,0.29579695068638451,5
284,1,1,4.4355798009734908,6.0340555076220284,5.7805297048351969,0.75602813703425287,0,5.340305542874856,5
284,2,1,-4.0875167351750417,-7.6888607883119446,-5.846081242830282,-0.84160787863781761,0,2.1488990873714551,5
285,1,1,5.3693476710769144,5.7398355822086096,5.9241466211598688,0.68206998728067614,0,4.6392179677381238,5
285,2,1,-4.370440347302015,-7.7547422968457846,-5.8439932088562339,-0.84690586922804056,0,0.005764597417713924,5
286,1,1,6.2959167732647705,6.1437691178608302,6.0645839078651536,0.76446382716302852,0,4.7131293486078079,5
286,2,1,-4.0403778009277911,-7.9045327882916698,-5.7054560552530971,-0.87082689758879472,0,3.5135596607802593,5
287,1,1,6.7548049357489939,5.95238807740503,6.0992685809423826,0.71330231770137731,0,0.67919925086942179,5
287,2,1,-4.6111028834769616,-7.7769509044688512,-5.7690189545431858,-0.83272214480723961,0,0.97636932607342586,5
288,1,1,7.2599634681515699,5.9977435129104091,6.1438841252210379,0.71546190540780918,0,0.35469630651012179,5
288,2,1,-5.1992882147423716,-7.0492436758786221,-5.8357737527294598,-0.66137924275819215,0,6.0114302554143686,5
289,1,1,7.4959661349700442,6.0066259224964584,6.1280158837534717,0.70946810478193967,0,0.051149259515871112,5
289,2,1,-5.3415079283269771,-7.0853284521653901,-5.8024570844721817,-0.66205101897488439,0,0.19741343678224654,5
290,1,1,7.9828204305497819,5.6916271647775414,6.1682441942007387,0.63133771182287923,0,1.3728262856875229,5
290,2,1,-5.7523442133444194,-6.8262276019395882,-5.8293506358675753,-0.59695149247051593,0,0.88199235752604366,5
291,1,1,8.761545220755492,6.2100254449290659,6.2731060492507549,0.73988263544874733,0,4.0490197983414351,5
291,2,1,-5.5434272131785649,-6.005662291073028,-5.7178525691113826,-0.40745843938704263,0,8.5936082173728892,5
292,1,1,8.7737100768991017,6.5297684549411183,6.2058753916091671,0.80293402982481188,0,1.5100945944675273,5
292,2,1,-5.8290219910518148,-5.5179122885619147,-5.7177861900360654,-0.2942180031516673,0,2.2796655545238771,5
293,1,1,9.0135352932699782,6.3216099727151907,6.1901590870534857,0.74755557074893064,0,0.58901125510319008,5
293,2,1,-6.1089469068784172,-5.3934799479488333,-5.7164567562327404,-0.26320366408249346,0,0.17130949946466373,5
294,1,1,9.7280317861317069,6.1701409374962042,6.2804943911368456,0.70543207162803001,0,1.7658034793268733,5
294,2,1,-7.0900211749975863,-5.6400122651875222,-5.8714484308833281,-0.31522906999183342,0,4.7515087378306724,5
295,1,1,10.150815294476008,5.5136188487202054,6.3047569872747422,0.55110237417973273,0,4.33772377696378,5
295,2,1,-7.6589342666873366,-5.5690577217393225,-5.9328389499541787,-0.29589469392034179,0,0.73639121632659688,5
296,1,1,10.67422515923756,5.6327582055067964,6.3512033623701925,0.57153622484142952,0,0.45759515324229133,5
296,2,1,-8.1133389190376324,-5.2158324687170561,-5.9680191373467011,-0.21382832630690221,0,1.4171463043759087,5
297,1,1,11.175589053184693,5.1397329226597321,6.3922179940393002,0.45514403708541035,0,2.7064091052748154,5
297,2,1,-8.3232764961747119,-5.0655040707124401,-5.9482895224398842,-0.17791675545592511,0,0.29841793739061834,5
298,1,1,11.640667100534353,4.5731942220176593,6.4246820608858179,0.32363020815302834,0,3.2607556249350105,5
298,2,1,-8.443269396004041,-4.9931694567707066,-5.9087144961827187,-0.15979777958694102,0,0.3367214625286199,5
299,1,1,12.153574952295994,4.6001884293596449,6.4674632268201773,0.32604357871024436,0,0.32624613423541055,5
299,2,1,-8.8899673003354547,-4.4717902671036827,-5.942459016635766,-0.041702788770269686,0,2.6810702000842435,5
300,1,1,13.355663974953849,4.3922081220778155,6.6636135024708398,0.27597839446602312,0,7.2814870788952391,5
300,2,1,-9.0323898348792948,-4.9279042258891073,-5.9079429768664378,-0.14300359429512255,0,2.0354657325971317,5
301,1,1,13.352703572960349,4.6059970371849666,6.588570355780961,0.32062595342791961,0,1.3546816556882484,5
301,2,1,-9.2091144451584555,-4.6619518768112957,-5.8814619551324974,-0.082062503053191793,0,0.78460133629053508,5
302,1,1,13.753606812902353,4.4297371110247168,6.6045287595258877,0.27769243939558147,0,0.37271067716244971,5
302,2,1,-10.036350651424126,-4.9329684393983975,-6.0004485653371233,-0.14162987489780599,0,3.1463671524885095,5
303,1,1,14.033518234191057,4.3611878358701892,6.5932935631833214,0.25928519081559803,0,0.082613513976076539,5
303,2,1,-10.47692593896733,-4.4852937410125131,-6.0318196593731521,-0.040129276900355351,0,2.0054886701724817,5
304,1,1,14.431994133231644,3.655063344854887,6.6086604873723758,0.09869826656905209,0,4.6226845309437881,5
304,2,1,-10.676947023096153,-4.8189048621943726,-6.0091468426728971,-0.11415132180368637,0,1.0648787874627244,5
305,1,1,14.780295103734137,3.3971614754743924,6.6126511548907727,0.039995704811935429,0,0.61489506458739951,5
305,2,1,-11.66160469155472,-4.9799275521648996,-6.1618938556057641,-0.14882526205660898,0,4.3588456187189788,5
306,1,1,14.760887283427845,3.3844478306315238,6.5344648141774702,0.036709257505561699,0,1.087631688525772,5
306,2,1,-11.733667296237392,-5.3419485393605397,-6.1091941703861554,-0.22799348022370305,0,1.6068569508181154,5
307,1,1,14.856237282529884,2.8880944341294956,6.482779598580378,-0.074578454185577903,0,2.6738738067532268,5
307,2,1,-11.959198976801883,-4.9505590946053513,-6.0913464750763779,-0.13805184585859767,0,1.4936199017801868,5
308,1,1,15.354973145846058,2.0404485312956728,6.5217853628420759,-0.26311347350885955,0,6.5822909364563102,5
308,2,1,-12.193168437349758,-4.187399298352747,-6.0755805578626072,0.033918512958510949,0,5.2973331686576444,5
309,1,1,15.395610905191981,1.7320942026084496,6.4580086078935253,-0.3290679761185159,0,1.4946548592702467,5
309,2,1,-12.416443862454456,-3.8215766616710125,-6.0576007010645903,0.11524339649107121,0,1.2321310433832091,5
310,1,1,16.015644485275228,1.818654442736271,6.5244008966507749,-0.30605031124607451,0,0.87671175390192269,5
310,2,1,-12.423364100904671,-3.967999844292577,-5.9914940032501942,0.081250701464903541,0,0.98137001597776385,5
311,1,1,16.115753058815521,1.9513834651344597,6.4738738052892391,-0.27297103844239123,0,0.64752870609481938,5
311,2,1,-12.887161484141172,-3.24227931808087,-6.0281788191851131,0.24245797245407602,0,4.8542079341614697,5
312,1,1,16.359209715662164,1.9283217712695584,6.4559425593917528,-0.27507467258306306,0,0.057865892491503153,5
312,2,1,-13.626166438631888,-3.1576780454447144,-6.1259398250778601,0.25864998181870513,0,1.7437150693560934,5
313,1,1,16.347615151254928,1.9180038976016258,6.3812076113563032,-0.27430677427245093,0,0.99157939556897901,5
313,2,1,-13.775143619982074,-3.0210032434965042,-6.0907907834522108,0.28629699815216142,0,0.35509830914966711,5
314,1,1,16.538492359793974,1.4543978330579495,6.3525572104596391,-0.37486248256643212,0,1.9405051280536851,5
314,2,1,-13.921780493343057,-2.7403002182992333,-6.055508555955571,0.34581954107234847,0,0.85008232916317383,5
315,1,1,17.232491579551894,1.4188154565902209,6.4366863577258089,-0.37862650951788207,0,1.2587353963697541,5
315,2,1,-14.106729992393202,-2.3679832624956276,-6.0291790582411684,0.42515399483313987,0,1.2405077754766589,5
316,1,1,17.381566830505321,0.87576430820097595,6.3980674645979638,-0.49578925985353828,0,2.7009442020326988,5
316,2,1,-14.066871718417607,-2.4761094449328613,-5.9529020217697388,0.39623948855472441,0,1.1813085095642981,5
317,1,1,17.642015763998447,0.64983545300112344,6.3847760513336373,-0.5407552337555247,0,0.39017517590843592,5
317,2,1,-14.379603047342501,-1.8735634607684306,-5.9562737217225425,0.52647775980664457,0,3.0130226413402044,5
318,1,1,17.693587122715027,1.0505530395415248,6.3249336256701758,-0.44512194619430778,0,2.2584205219202778,5
318,2,1,-14.451394621777126,-1.5241869008863111,-5.9057552019524691,0.59868371643846208,0,1.3784492826503238,5
319,1,1,18.09547181676869,1.1534854150354144,6.3440808522707188,-0.41713189856230665,0,0.20406836576747978,5
319,2,1,-14.216418171345207,-0.90617195775911896,-5.7872268528551825,0.73013562270546473,0,5.5604968884979149,5
320,1,1,18.750412095692933,0.40896555603752704,6.4195972959390764,-0.57894005013331429,0,5.6572920676329055,5
320,2,1,-14.707444625674942,-0.98567556829384928,-5.8323074586614227,0.70420243727465648,0,0.48003916303742428,5
321,1,1,18.693711616420121,0.3997543707320011,6.335144940752321,-0.5745269630602321,0,1.2688427620588905,5
321,2,1,-15.033843061879759,-1.3647081669512415,-5.8400834308275185,0.61159587644317637,0,1.5326681069340624,5
322,1,1,19.514529119279874,-0.10480109562182804,6.4478626911444739,-0.68093167788385689,0,4.2626266636004022,5
322,2,1,-15.250667314251993,-1.4607120269765232,-5.8232754520178736,0.58329556174440067,0,0.19225577903102564,5
323,1,1,19.691958998675808,0.26628555899828504,6.4154444648363826,-0.5903314702900514,0,1.6425815427556185,5
323,2,1,-15.011900616554986,-1.4575598339292646,-5.7047918666437099,0.57747958302052704,0,2.4969917094394924,5
324,1,1,19.305771317518023,0.47787545803939158,6.2573391135999374,-0.53641013289658335,0,4.9499470850960527,5
324,2,1,-15.357495690528442,-1.2265885337679951,-5.7182871057205436,0.6226677189585248,0,0.39462051438224593,5
325,1,1,19.137877893988549,0.49279436840183366,6.1498164643891666,-0.52707506102457391,0,2.0661309243273371,5
325,2,1,-15.648208392139438,-1.1243863217562249,-5.7193600544575069,0.63855927867480378,0,0.045009925327514612,5
326,1,1,19.03449345218225,0.3950202956900114,6.0579197802927549,-0.54304898574720928,0,1.543121633677712,5
326,2,1,-15.983398584143368,-1.2310010743011572,-5.7303671005022068,0.60757841249001943,0,0.1917725484661387,5
327,1,1,19.609185252019032,0.74848402590313401,6.1187123130936882,-0.45791661557984759,0,1.940866605528218,5
327,2,1,-16.872364612963636,-1.6509641564916779,-5.8650928626006413,0.50686813975881684,0,5.0192058696484771,5
328,1,1,20.292762953851891,0.93524689220512469,6.2031827234936019,-0.41102047546588288,0,1.6554562326622928,5
328,2,1,-17.476893991813579,-1.2528696441330487,-5.9347067135641183,0.59023063892127847,0,2.09234798597371,5
329,1,1,20.147503452983884,0.94739686881671847,6.1013116513324936,-0.40370569803037559,0,1.8498654212265122,5
329,2,1,-17.884109967937249,-0.75156224787893033,-5.9594158444761378,0.69574836336542278,0,2.0832065674929234,5
330,1,1,20.612964567952872,0.93848191192420427,6.1371912316387043,-0.4011845889145555,0,0.22941282555998474,5
330,2,1,-18.260246316738783,-0.41468948198171529,-5.9768984141791188,0.76331300921642375,0,0.86388706514903002,5
331,1,1,20.489179493495829,0.82964376442928844,6.0408552985392365,-0.42104458296555675,0,1.7156009109824191,5
331,2,1,-18.507378052725993,-0.27107546253665837,-5.9653317330410696,0.78689863186045306,0,0.12238895634594352,5
332,1,1,21.212841061425301,0.85945634224252221,6.1351750415510855,-0.40966568931377495,0,1.600387448936466,5
332,2,1,-18.868191641975397,-1.1598643197611893,-5.9793221519378381,0.57929507040132355,0,7.6782840788965245,5
333,1,1,21.418665016693566,0.91696731477986193,6.1125944072407554,-0.39221719928492083,0,0.14438733872763809,5
333,2,1,-19.522890187840911,-0.42059411863382756,-6.0588947516105938,0.73818092096621535,0,5.5997563622826219,5
334,1,1,21.517061434163264,1.1091489322703967,6.0662319338953647,-0.34483474215228205,0,0.77915783855124698,5
334,2,1,-19.680150540404433,-0.57327550415087591,-6.026305972401544,0.69577060558676884,0,0.50728355115904644,5
335,1,1,22.111892141356567,0.42478063177342518,6.1314525894968455,-0.49408887427078496,0,4.7036778554764149,5
335,2,1,-20.213177763470235,-0.11985318788977867,-6.0781403216159431,0.7894196912237379,0,2.0315753840780779,5
336,1,1,22.279290919368904,0.0050990998145291067,6.1003149175884142,-0.58245796699826946,0,1.5563364319914819,5
336,2,1,-20.858597683283108,-0.5160929457266713,-6.154539687787115,0.69194746048396161,0,2.7195984235470707,5
337,1,1,22.584220949423088,-0.10888857616174202,6.1002957397715516,-0.60144537287086475,0,0.063913455280187562,5
337,2,1,-21.005457294215617,-0.1581240404908788,-6.1185512333856487,0.76429054281103859,0,1.1575830674861327,5
338,1,1,23.060603419848427,0.40847434964670459,6.138637855098783,-0.47896123269393831,0,2.9201514802913611,5
338,2,1,-21.797559314099072,-0.61786095943088903,-6.2273187434603887,0.65288827143865125,0,4.2978975990253021,5
339,1,1,23.578111348930289,0.57764228024276099,6.1857534219368446,-0.43575228262461174,0,0.72447911007805021,5
339,2,1,-22.814425602228525,-0.8683869086428716,-6.3851581226275558,0.58953545495916715,0,5.1285285139805721,5
340,1,1,23.937689211237906,0.34585322633026011,6.1970058554438356,-0.48274011823667456,0,0.41381800835899146,5
340,2,1,-22.430248491929969,-0.8489680125318344,-6.2277770591567503,0.58728518409632269,0,4.392071699697949,5
341,1,1,24.476719393359318,0.78132778234916778,6.2482857062585655,-0.37990032546314706,0,2.340821422436278,5
341,2,1,-22.861836726830695,-0.81343134811850848,-6.2546701296910667,0.58866618062022913,0,0.12855384773285486,5
342,1,1,25.159772876840293,0.7457522312117425,6.3312188405673897,-0.38361033706366593,0,1.2215806669095581,5
342,2,1,-23.142367691808619,-0.61208186581853652,-6.2474650748317435,0.62713101605419364,0,0.27148820118116357,5
343,1,1,25.823416193333728,1.3204566712577219,6.4088820259577268,-0.25072258216318066,0,4.1991951075572569,5
343,2,1,-23.353210339091984,-0.76610025652015556,-6.2247479976270768,0.58565409589320594,0,0.39644459337306404,5
344,1,1,26.263754538867932,0.96740485867814441,6.4357099041376902,-0.32691734307707532,0,1.1566022730303964,5
344,2,1,-24.15956908503421,-0.92616745018101643,-6.3355314305452657,0.5432870439765346,0,2.4937375223997562,5
345,1,1,26.618841506509323,0.96348714628472232,6.4431616192360694,-0.32413635287745446,0,0.011212764930834979,5
345,2,1,-24.23302084558124,-0.8838512469301667,-6.2810866010184663,0.54667732688364779,0,0.52747594760594196,5
346,1,1,27.090365713213647,0.98960720444090633,6.4765849108663263,-0.31466497168824403,0,0.21389773802508069,5
346,2,1,-24.44503430661727,-1.2708158249911057,-6.2582542369921335,0.453975128347678,0,1.6156790931826539,5
347,1,1,27.620136818091591,0.82257529829678044,6.5226684184737014,-0.34852099716633478,0,0.57955249265895958,5
347,2,1,-24.844175802386435,-1.2918164877340415,-6.2775487979500308,0.44419694212624095,0,0.082934311542963504,5
348,1,1,27.610336458326991,1.1217705639067559,6.4474961094534722,-0.27767026188151617,0,1.8912225457246068,5
348,2,1,-25.160681929458878,-1.488002205999891,-6.2781370004926274,0.39532812727888178,0,0.42335528393186594,5
349,1,1,28.406074150707191,0.41953139223958091,6.553421791326139,-0.43170545247622882,0,6.1937745645335269,5
349,2,1,-25.527920209509197,-1.4842664513003998,-6.2900707257392261,0.39174102315669024,0,0.027522550853401034,5
350,1,1,29.229946628314259,-0.23966166238973902,6.6644587205225143,-0.57438544461641161,0,5.793113530034967,5
350,2,1,-26.01223972121322,-1.0725605291365903,-6.3280700300769777,0.47948450123251463,0,1.6204840085270615,5
351,1,1,29.304283937249089,-0.74262087078669481,6.6065266057139045,-0.68050845630108858,0,2.5907814670216602,5
351,2,1,-26.494105773066067,-1.3825234052598161,-6.3650955028117542,0.40475956190955986,0,1.23263407756418,5
352,1,1,29.502554995044306,-1.0395374123545895,6.5769758391349846,-0.73933711144998726,0,0.76811805123053434,5
352,2,1,-26.351380494635727,-1.0041199243454408,-6.261941437840389,0.48490669032017669,0,3.0243962165651341,5
353,1,1,29.761245916045421,-1.0946978681003527,6.5612761673208526,-0.74340840876769554,0,0.046620591080165336,5
353,2,1,-26.325219940497426,-0.97121608479877841,-6.1860248496124148,0.4868442271967191,0,1.022116816186097,5
354,1,1,29.766038282294129,-1.3336350669816373,6.4889355349593645,-0.78855912250380678,0,1.2887497694972196,5
354,2,1,-27.174854936187128,-0.96212297182553597,-6.3069374511155765,0.48343187669011056,0,2.5931568933828215,5
355,1,1,30.545096666783969,-1.8503812593052544,6.5906671418356861,-0.89537194983356772,0,3.8561466583856321,5
355,2,1,-26.923945040244526,-1.2288760569002699,-6.1802233786026504,0.41833022508978979,0,3.5968176188708663,5
356,1,1,31.236065714267724,-1.5939944378639916,6.6715481385432422,-0.82798029180233634,0,1.9642660582232576,5
356,2,1,-27.308966087025819,-1.1977221180643607,-6.19723254541372,0.42062111304240024,0,0.052204370488573383,5
357,1,1,31.263294004587724,-1.2751198366757002,6.6029942910737729,-0.7473593885110823,0,1.9848247213224268,5
357,2,1,-27.852088131585834,-0.82656463005298886,-6.2494307086246019,0.49897112575828712,0,1.5708328272845145,5
358,1,1,32.135549908721977,-0.86656455232627438,6.7243049583231933,-0.6475722093620494,0,4.3728587446784122,5
358,2,1,-27.992334454439511,-1.1469953120230119,-6.2108907104582016,0.42168328264890509,0,1.3218890756491362,5
359,1,1,32.403390881101245,-1.3012256575211409,6.7090044280105214,-0.73759342650099402,0,1.4777125660443244,5
359,2,1,-28.475056788379398,-1.0575134678862237,-6.2494201360230051,0.43698910805010144,0,0.30461418270861207,5
360,1,1,32.916295274595292,-1.9958615205543246,6.7487143277851533,-0.88478316084608977,0,4.1190983318751666,5
360,2,1,-29.096458036297857,-1.0518917658800657,-6.3185516204859145,0.43335770997871126,0,0.84933083034684276,5
361,1,1,32.900613996190394,-1.850036626382821,6.6696956513164611,-0.84225162010570009,0,1.4272131034095574,5
361,2,1,-28.957650112993338,-0.95579259137120021,-6.2167923311236253,0.45001371111314836,0,1.8843399387860047,5
362,1,1,33.589474440604825,-1.4561973804810484,6.7492194478499989,-0.74469698116098182,0,2.8075148304379125,5
362,2,1,-29.523161745819596,-0.41801879673977793,-6.2737819630763276,0.5653197634679975,0,2.9319217482644362,5
363,1,1,33.382161354886243,-1.812930287316088,6.6273137834288907,-0.81619198433643758,0,3.5397963521253324,5
363,2,1,-29.483618574969636,-0.87348118850092371,-6.1947370152963632,0.45707290187901739,0,3.1839844073679666,5
364,1,1,34.059336133691815,-1.883047601713703,6.7046960914585298,-0.82275022329471525,0,1.0689113276660447,5
364,2,1,-29.861235050768958,-1.3477679137819534,-6.2099268137387424,0.34582505659809404,0,2.2342907771167724,5
365,1,1,34.194163736599563,-1.521873973618149,6.6598508691208327,-0.73272485325236458,0,1.7928734079290611,5
365,2,1,-30.556304129054798,-0.96654718418153229,-6.2959844920125443,0.42726329380079109,0,2.4879753919893508,5
366,1,1,34.344335325818882,-1.9863993683777295,6.6189411779920677,-0.82847324884912887,0,1.9215198421799999,5
366,2,1,-30.87362916429581,-0.86820118868097151,-6.2965497025010828,0.44449004180628537,0,0.052652006821098871,5
367,1,1,34.754208902010575,-1.6188225820071602,6.6366023833492589,-0.73695215852992013,0,1.5398866207625188,5
367,2,1,-31.578829857268691,-0.47038713010304511,-6.3839046427122508,0.52853680165386197,0,2.6043975539064741,5
368,1,1,35.548814998134233,-1.639806923662672,6.7401559806880007,-0.73340249655587553,0,1.9028946429561151,5
368,2,1,-31.369630689311361,-0.060140138792679043,-6.2656648987182777,0.6144249117718068,0,3.7852843864276342,5
369,1,1,35.832823199846032,-1.3989185782297859,6.7282965522127647,-0.67129476381752851,0,0.70864095774897362,5
369,2,1,-31.793078899122122,-0.16815659268106969,-6.2903165694296472,0.58337950557896745,0,0.2785324803265804,5
370,1,1,35.955699066357568,-1.8263257270826716,6.6805144827206799,-0.75942203266964481,0,1.7812943361976035,5
370,2,1,-31.762103067295339,-0.011822008661526689,-6.2130061912545882,0.61183524686693236,0,1.2028596565562628,5
371,1,1,35.972592183517136,-1.297732202519476,6.6095525865261067,-0.63264698870619229,0,3.7414029592128255,5
371,2,1,-32.439307372206919,-0.054466420643444285,-6.2950291362477993,0.59544735647583913,0,1.2400454190495307,5
372,1,1,36.079651410957148,-1.1254009419000084,6.5595606921729814,-0.58700828052614751,0,0.81221133309430193,5
372,2,1,-32.866249498667408,-0.27235777300412994,-6.3201336101366916,0.54002860003112862,0,0.65606816687430758,5
373,1,1,36.618931575155642,-1.3700975563686697,6.6068410473219492,-0.63519352530649442,0,0.80782657464483831,5
373,2,1,-33.20283164105507,0.34088223674535967,-6.3247376681078373,0.67120798359559697,0,3.053848481466797,5
374,1,1,36.658403218799002,-1.2385788443608838,6.5417573113672987,-0.59865915401677816,0,0.9874857403530336,5
374,2,1,-33.285105248664486,0.36372055298859229,-6.2723853973786978,0.66880878061485272,0,0.48682360933038143,5
375,1,1,37.521851259762677,-1.0740300308620427,6.6617695171858591,-0.55514327154848675,0,2.8888867135890361,5
375,2,1,-33.593757849105913,0.42420086673746882,-6.2712740506657001,0.67485924890682769,0,0.0067078934533040691,5
376,1,1,37.63145634601851,-0.99295089716751184,6.6117649126516849,-0.53079105452822151,0,0.54839506581179431,5
376,2,1,-33.830114810216799,0.34244162456282312,-6.2539983418254677,0.6490145827460958,0,0.1713017448675401,5
377,1,1,37.902948043020622,-0.80713017418993482,6.5985421372994724,-0.48327572098605626,0,0.43123771440895103,5
377,2,1,-33.858365602551288,0.65107272199969768,-6.1903508259844342,0.71081190548828876,0,1.39503583502926,5
378,1,1,38.129274041362038,-0.71227457239828251,6.5753617563854432,-0.45664555471056151,0,0.22098197067041186,5
378,2,1,-34.733296558618719,0.60833855823483041,-6.3168649583555583,0.69329752933845301,0,2.8916608689315484,5
379,1,1,38.837488564570052,-1.2080665904732266,6.6602606880679893,-0.56246754416352229,0,3.2631681420043481,5
379,2,1,-35.430545335373409,0.70539982452053496,-6.4022055949779118,0.70725890962129712,0,1.3256130209921952,5
380,1,1,38.979231247792782,-1.2189485103911524,6.6174655027582032,-0.55860990833448532,0,0.32733544138329423,5
380,2,1,-35.876810986545145,0.80441646490026897,-6.4304329700372147,0.7215014797120527,0,0.17720923965268273,5
381,1,1,39.050918197011804,-1.4696946263197728,6.5594752792170015,-0.60846256779152708,0,1.0368575031766807,5
381,2,1,-35.843333408462286,0.13134731336021643,-6.3510023580620452,0.56283138807815325,0,5.5816767600208488,5
382,1,1,38.968796379871762,-1.8177386946867098,6.4677216673096014,-0.67952616809200583,0,2.3880307039780861,5
382,2,1,-35.872385264224107,0.47350056664703316,-6.2864518942226582,0.63309038962355102,0,1.613819053530839,5
383,1,1,39.25964821505594,-1.3415355522237762,6.460442625981015,-0.56538130489535532,0,2.3195288515716039,5
383,2,1,-36.321830173303205,0.50222865160139196,-6.3166847257013901,0.63243561692892469,0,0.16212069670513268,5
384,1,1,39.786756349384262,-1.1533249043347666,6.5061032576393805,-0.51694779992102247,0,0.78561374751841329,5
384,2,1,-36.766412958676526,0.9171124657108678,-6.3454911663367888,0.71818737947054356,0,1.4508097586750315,5
385,1,1,40.388568588426523,-1.2666366773786981,6.5679661457062739,-0.53651619366149284,0,0.74649247257207563,5
385,2,1,-36.52264082065507,0.84233653453620616,-6.2199628491218917,0.69342270380502613,0,2.9024594263349695,5
386,1,1,41.00560372567498,-1.5082227032467146,6.6325421101974182,-0.58456393620439651,0,1.1488052639109239,5
386,2,1,-36.148179571736598,0.18210253374072427,-6.0666001262034239,0.53794661701440127,0,8.4560268485886034,5
387,1,1,40.916201941894379,-1.8215515463543834,6.5383474595998017,-0.64812432788593433,0,2.2897485779674058,5
387,2,1,-35.510110625639925,-0.049308297901914461,-5.8559764829868541,0.48015410926003044,0,8.4579235137365778,5
388,1,1,41.111597398891114,-1.3697868204045347,6.5089230581261974,-0.53980443243063203,0,2.234213932544804,5
388,2,1,-35.902532485803846,0.14733174791832865,-5.8782653743592688,0.51877754050162794,0,0.35259532928262849,5
389,1,1,41.533532693836484,-1.5763172680451072,6.530509601660599,-0.57997115817027334,0,0.36874722263559639,5
389,2,1,-36.382887565223989,-0.0023993889228379195,-5.9199779736410729,0.47947491376444729,0,0.5824210580524436,5
390,1,1,42.096141221076515,-1.6956316935907039,6.5833254924214932,-0.60017639127167122,0,0.56710440973911425,5
390,2,1,-36.841495544959301,-0.31192678776732208,-5.9563580788597097,0.40486157329140515,0,1.2218657902259495,5
391,1,1,41.984647033104025,-1.5767674893710621,6.4847431730030669,-0.56687127490836975,0,1.9202860788679452,5
391,2,1,-37.177702658772638,0.25056145669148316,-5.9649467014042346,0.52617532450764604,0,2.6228109273719493,5
392,1,1,42.522768291331765,-1.8308024907047564,6.532591701414785,-0.61736125141925446,0,0.85817095057298554,5
392,2,1,-37.395252493864589,-0.39281363538607372,-5.9468928613310794,0.37635203034573239,0,4.0383907820530078,5
393,1,1,42.789575770532331,-1.9687434005860351,6.5192089032470362,-0.64131450889751684,0,0.13352736804744164,5
393,2,1,-38.29130116189166,-0.74585649005066912,-6.0808348803594958,0.29315943730927529,0,4.4088883716942302,5
394,1,1,43.06669547560017,-1.7574861341547341,6.5082828673582505,-0.58688135050021917,0,0.54670480445731506,5
394,2,1,-38.975888370345785,-0.36162742115677299,-6.1659695307346549,0.37583893049650363,0,2.497674884255888,5
395,1,1,43.062151605851966,-1.6408382047398906,6.4344696329919282,-0.55422222098262064,0,1.1555819211286467,5
395,2,1,-39.084741540745114,-0.71177393918194842,-6.121350640352655,0.29330189201579471,0,1.5612430130960935,5
396,1,1,42.957636300677265,-1.3472810479001833,6.339118971356589,-0.48235372179259328,0,2.5288477170782331,5
396,2,1,-39.784877486061291,-1.2829202733292804,-6.2095086367026173,0.16224860265149771,0,4.4244385148680383,5
397,1,1,43.12610341952427,-1.0076375219814437,6.3059020224452267,-0.40098034429386575,0,1.3702885962710343,5
397,2,1,-40.225314112322252,-0.87498664340706211,-6.2385822443488443,0.25169256892684339,0,1.5688433958510921,5
398,1,1,43.188808140210817,-1.1979831840828532,6.2493981780560937,-0.43907528324629946,0,0.8237814493875768,5
398,2,1,-40.162778442637297,-0.48606237056794788,-6.1548116946349261,0.33588253928870349,0,2.5018340376474111,5
399,1,1,43.582623542486843,-1.4584486720042698,6.2675947656913289,-0.49242918526888324,0,0.56371951488211425,5
399,2,1,-40.473762280310147,-0.64647583497683159,-6.1555372263084562,0.2962403273902855,0,0.27883462586477076,5
